popBC,LP,plate_id,row_id,col_id,evocode,ploidy,evoEnvt,celltype,inference?
AACATCGTACATTTTCTATCTA,1,plate_8,row_A,col_12,p8-A12,H,YPD(37C),MATa,no
GTCATTATACATGTTCTATGAT,1,plate_2,row_A,col_12,p2-A12,H,YP10%D,MATa,no
CTTATTGGATATTTTCCATACC,1,plate_5,row_A,col_1,p5-A1,H,YPD,MATa,no
AACATTTGTCATTGCTCATCTC,1,plate_1,row_A,col_1,p1-A1,H,YPD,MATa,no
TGCATGTTGAATCGCTGATTAT,1,plate_5,row_A,col_11,p5-A11,H,YPD+AA,MATalpha,no
TTCATTAATTATTATTGATAAC,1,plate_4,row_A,col_12,p4-A12,H,YP10%D,MATa,no
ATCATATGGTATCTCCTATAAT,1,plate_1,row_A,col_11,p1-A11,H,YPD+AA,MATalpha,no
CTCATCAGCGATGGTAGATAGA,1,plate_5,row_A,col_3,p5-A3,H,YP10%D,MATa,no
ACTATGAATTATAATATATTTC,1,plate_1,row_A,col_9,p1-A9,H,YP10%D,MATalpha,no
TCGATGTTTTATTCCACATTTT,1,plate_3,row_A,col_11,p3-A11,H,YPD+AA,MATalpha,no
CTTATTTCGTATGGGACATGCA,1,plate_6,row_A,col_2,p6-A2,H,YPD+AA,MATalpha,no
AGTATATCACATTAAGGATTCC,1,plate_6,row_A,col_10,p6-A10,H,YPD,MATa,no
TGGATCGATTATCAAATATAGT,1,plate_7,row_A,col_11,p7-A11,H,YPD(37C),MATalpha,no
AGCATAGGAAATACTTGATCCA,1,plate_4,row_A,col_2,p4-A2,H,YPD+AA,MATalpha,no
TACATGCGATATTTTCAATACC,1,plate_3,row_A,col_9,p3-A9,H,YP10%D,MATalpha,no
TCCATGGCTGATTTTCGATGTC,1,plate_6,row_A,col_12,p6-A12,H,YP10%D,MATa,no
GGGATCACCCATGCGTTATACA,1,plate_5,row_A,col_9,p5-A9,H,YP10%D,MATalpha,no
AAAATGGATCATGACCTATAGC,1,plate_4,row_A,col_10,p4-A10,H,YPD,MATa,no
TTTATCCGCAATACCCCATTCC,1,plate_2,row_A,col_4,p2-A4,H,YPD,MATalpha,no
ATAATGTCGCATGTCACATCAA,1,plate_6,row_A,col_4,p6-A4,H,YPD,MATalpha,no
CCTATCGATTATATCGTATTCT,1,plate_8,row_A,col_4,p8-A4,H,YPD(37C),MATalpha,no
ATCATCGATAATTCCTAATTAT,1,plate_7,row_A,col_9,p7-A9,H,YPD(37C),MATalpha,no
CTGATATTAAATGAGAAATCTC,1,plate_8,row_A,col_2,p8-A2,H,YPD(37C),MATalpha,no
TGGATCTCTAATAAGCTATTGA,1,plate_2,row_A,col_10,p2-A10,H,YPD,MATa,no
TGCATTGCTTATGAAATATCAA,1,plate_2,row_A,col_2,p2-A2,H,YPD+AA,MATalpha,no
CAGATACGAAATTCTATATCGG,1,plate_4,row_A,col_4,p4-A4,H,YPD,MATalpha,no
TATATCGATAATCTTGTATTCG,1,plate_7,row_A,col_8,p7-A8,D,YPD(37C),Diploid,no
TACATCCCTCATCTCCTATTCT,1,plate_7,row_A,col_8,p7-A8,D,YPD(37C),Diploid,no
TTAATAATCTATAGAGTATAAC,1,plate_8,row_A,col_10,p8-A10,H,YPD(37C),MATa,no
TGTATTAATAATTTTTCATAGT,1,plate_1,row_A,col_3,p1-A3,H,YP10%D,MATa,no
CCTATCTACTATGAGAAATGCT,1,plate_3,row_A,col_1,p3-A1,H,YPD,MATa,no
CAAATCCCATATTCGCTATTAT,1,plate_7,row_A,col_1,p7-A1,H,YPD(37C),MATa,no
TCAATTGAACATCTTGCATATA,1,plate_6,row_A,col_7,p6-A7,D,YPD,Diploid,no
AAAATGAACAATCCTCTATCCA,1,plate_1,row_A,col_5,p1-A5,D,YPD+AA,Diploid,no
TTCATTTTATATCGCTCATCTT,1,plate_5,row_A,col_8,p5-A8,D,YPD+AA,Diploid,no
CGTATATTTCATCGCGTATACC,1,plate_6,row_A,col_7,p6-A7,D,YPD,Diploid,no
TATATGCCTAATCGCCAATAGC,1,plate_2,row_A,col_7,p2-A7,D,YPD,Diploid,no
CTGATTCTCGATTTCCAATGCG,1,plate_1,row_A,col_5,p1-A5,D,YPD+AA,Diploid,no
TTGATCGTTCATTCGTTATCCT,1,plate_4,row_A,col_8,p4-A8,D,YPD+AA,Diploid,no
TCGATTTGATATCGTGAATTGT,1,plate_8,row_A,col_8,p8-A8,D,YPD(37C),Diploid,no
CGTATTAACAATTTTCAATATT,1,plate_5,row_A,col_8,p5-A8,D,YPD+AA,Diploid,no
TAGATGTGGGATTTATAATTCG,1,plate_4,row_A,col_7,p4-A7,D,YPD,Diploid,no
TTTATTTTAGATGTCACATATT,1,plate_1,row_A,col_11,p1-A11,H,YPD+AA,MATalpha,no
CTAATTGGGGATTCGCTATCAC,1,plate_6,row_A,col_8,p6-A8,D,YPD+AA,Diploid,no
ATTATAACTCATAGAACATTGC,1,plate_7,row_A,col_5,p7-A5,D,YPD(37C),Diploid,no
CTCATGAGGTATGTGTCATCTA,1,plate_8,row_A,col_8,p8-A8,D,YPD(37C),Diploid,no
CTTATTTCTTATTTTACATGCG,1,plate_7,row_A,col_3,p7-A3,H,YPD(37C),MATa,no
GACATGCTACATACAACATATA,1,plate_3,row_A,col_8,p3-A8,D,YPD+AA,Diploid,no
CGCATACGTTATGTTTGATTAC,1,plate_3,row_A,col_8,p3-A8,D,YPD+AA,Diploid,no
CTCATGATACATATGATATCGG,1,plate_2,row_A,col_8,p2-A8,D,YPD+AA,Diploid,no
TTCATGCCACATAAACTATTCA,1,plate_2,row_A,col_8,p2-A8,D,YPD+AA,Diploid,no
AAAATTTCGGATCATTCATACT,1,plate_4,row_A,col_8,p4-A8,D,YPD+AA,Diploid,no
TCGATAGGTAATTGTTTATAAA,1,plate_2,row_A,col_7,p2-A7,D,YPD,Diploid,no
ACCATCACGCATCTTTTATTAA,1,plate_5,row_A,col_5,p5-A5,D,YPD+AA,Diploid,no
GTTATATTATATCTCCAATGTA,1,plate_7,row_A,col_5,p7-A5,D,YPD(37C),Diploid,no
ACAATATCTAATTTATAATTTT,1,plate_6,row_A,col_8,p6-A8,D,YPD+AA,Diploid,no
TTGATTCCGAATCGCCTATGAC,1,plate_4,row_A,col_7,p4-A7,D,YPD,Diploid,no
CCAATGACTCATTATCAATCAG,1,plate_8,row_A,col_7,p8-A7,D,YPD(37C),Diploid,no
AAAATTCTTTATCTCATATCAG,1,plate_5,row_A,col_5,p5-A5,D,YPD+AA,Diploid,no
CTAATCATGCATGGTCTATCAT,1,plate_3,row_A,col_5,p3-A5,D,YPD+AA,Diploid,no
TTCATCGAACATATAACATGTA,1,plate_3,row_A,col_3,p3-A3,H,YP10%D,MATa,no
TTTATAATCAATTATTCATTGC,1,plate_8,row_A,col_7,p8-A7,D,YPD(37C),Diploid,no
TCAATTCCAAATGAATGATGTA,1,plate_3,row_A,col_5,p3-A5,D,YPD+AA,Diploid,no
CTCATTAGTCATGAGTGATTTA,1,plate_3,row_A,col_5,p3-A5,D,YPD+AA,Diploid,no
TGTATGCACTATTTGTAATTTA,1,plate_7,row_B,col_2,p7-B2,H,YPD(37C),MATa,no
TCTATAAGCCATTGCGCATCAG,1,plate_5,row_B,col_2,p5-B2,H,YP10%D,MATa,no
CAAATTTTGCATGATCTATGAC,1,plate_5,row_B,col_4,p5-B4,H,YPD+AA,MATa,no
CCAATGACTAATGTTGCATGCT,1,plate_3,row_B,col_12,p3-B12,H,YPD,MATalpha,no
CGCATTCTGTATCTCGCATGAT,1,plate_7,row_B,col_12,p7-B12,H,YPD(37C),MATalpha,no
CCAATAAAATATTGACTATTAT,1,plate_1,row_B,col_10,p1-B10,H,YPD+AA,MATalpha,no
CGTATCTCGTATCCGGCATTTC,1,plate_6,row_B,col_1,p6-B1,H,YPD+AA,MATalpha,no
TCAATGGCTAATTCATCATTCC,1,plate_6,row_B,col_9,p6-B9,H,YPD,MATa,no
TTCATTTCTTATCCACAATCAA,1,plate_3,row_B,col_10,p3-B10,H,YPD+AA,MATalpha,no
GTAATAATACATTGAGCATTGG,1,plate_4,row_B,col_1,p4-B1,H,YPD+AA,MATalpha,no
TTGATCTCAGATTTTACATTAA,1,plate_4,row_B,col_9,p4-B9,H,YPD,MATa,no
CTGATGGGCCATTTGCTATTTA,1,plate_5,row_B,col_12,p5-B12,H,YPD,MATalpha,no
TGCATATACCCATGATGTATGGC,1,plate_8,row_B,col_1,p8-B1,H,YPD(37C),MATalpha,no
GTTATCCCAAATCATCTATGCC,1,plate_4,row_B,col_3,p4-B3,H,YPD,MATalpha,no
ATTATTATGTTATAATCTATTCA,1,plate_3,row_B,col_2,p3-B2,H,YP10%D,MATa,no
TTAATCTTTGATGAGCTATTGC,1,plate_1,row_B,col_12,p1-B12,H,YPD,MATalpha,no
TAAATCTATGATTTGTTATACT,1,plate_6,row_B,col_3,p6-B3,H,YPD,MATalpha,no
TCGATTTTACATAATTTATTTA,1,plate_5,row_B,col_10,p5-B10,H,YPD+AA,MATalpha,no
TAAATTATTCATTGTCCATATT,1,plate_1,row_B,col_2,p1-B2,H,YP10%D,MATa,no
ATTATTTTTGATACTTTATCAT,1,plate_2,row_B,col_3,p2-B3,H,YPD,MATalpha,no
CGTATTTCATATTCTTGATTTA,1,plate_2,row_B,col_1,p2-B1,H,YPD+AA,MATalpha,no
TTTATCAGAGATTATTTATTAT,1,plate_7,row_B,col_10,p7-B10,H,YPD(37C),MATalpha,no
TCCATTGTATCATAGTCGATTCA,1,plate_8,row_B,col_11,p8-B11,H,YPD(37C),MATa,no
AAAATTCTCTATTTTTTATCCA,1,plate_4,row_B,col_11,p4-B11,H,YP10%D,MATa,no
TAAATTATCAATTTTTGATTCT,1,plate_1,row_B,col_4,p1-B4,H,YPD+AA,MATa,yes
ATGATGCCCTATTCCACATCAC,1,plate_3,row_B,col_4,p3-B4,H,YPD+AA,MATa,yes
TTAATAAACTATTTGGAATATC,1,plate_2,row_B,col_9,p2-B9,H,YPD,MATa,no
TTTATGAGTCATACTCAATTAG,1,plate_7,row_B,col_4,p7-B4,H,YPD(37C),MATa,yes
CCTATTTTAAATCCCAAATTCC,1,plate_6,row_B,col_11,p6-B11,H,YP10%D,MATa,no
TGGATTCTAAATCCAGGATCAT,1,plate_8,row_B,col_9,p8-B9,H,YPD(37C),MATa,no
AAAATGTATGATAATTCATAAC,1,plate_1,row_B,col_5,p1-B5,D,YP10%D,Diploid,no
CTGATTTATTATGAATTATTTC,1,plate_1,row_B,col_5,p1-B5,D,YP10%D,Diploid,no
TCCATTGAGCATGTACTATGCC,1,plate_5,row_B,col_7,p5-B7,D,YPD+AA,Diploid,no
GCTATCAGTTATTGACAATGTT,1,plate_2,row_B,col_6,p2-B6,D,YPD,Diploid,no
TAGATTATCAATCCCACATTTC,1,plate_6,row_B,col_6,p6-B6,D,YPD,Diploid,no
TTGATCTAAAATCTCACATTTC,1,plate_5,row_B,col_7,p5-B7,D,YPD+AA,Diploid,no
CTCATCAAGCATACAAGATCGA,1,plate_7,row_B,col_7,p7-B7,D,YPD(37C),Diploid,no
TCAATTGATCATATACGATTAC,1,plate_1,row_B,col_7,p1-B7,D,YPD+AA,Diploid,no
TACATAATTTATCAAGCATACA,1,plate_8,row_B,col_6,p8-B6,D,YPD(37C),Diploid,no
TGTATTAAGAATATACTATTCG,1,plate_5,row_B,col_5,p5-B5,D,YP10%D,Diploid,no
GTTATTTCAAATTCTTAATCTT,1,plate_1,row_B,col_7,p1-B7,D,YPD+AA,Diploid,no
ACCATGATTAATAATGAATACT,1,plate_7,row_B,col_7,p7-B7,D,YPD(37C),Diploid,no
TCCATCTTGGATGACGCATACT,1,plate_6,row_B,col_6,p6-B6,D,YPD,Diploid,no
TAAATTTCTGATCCTTCATTGT,1,plate_4,row_B,col_6,p4-B6,D,YPD,Diploid,no
TGAATTCCAGATATATAATCCC,1,plate_5,row_B,col_5,p5-B5,D,YP10%D,Diploid,no
TCCATCTTTTATTATTAATCTT,1,plate_3,row_B,col_7,p3-B7,D,YPD+AA,Diploid,no
CGAATACTACATTCTTCATAAA,1,plate_7,row_B,col_5,p7-B5,D,YPD(37C),Diploid,no
TCAATGAGCTATTGCTTATAGC,1,plate_2,row_B,col_6,p2-B6,D,YPD,Diploid,no
GGCATATGAGATTAGGGATCCC,1,plate_2,row_B,col_11,p2-B11,H,YP10%D,MATa,no
AGTATAGAGGATATACTATGCA,1,plate_3,row_B,col_7,p3-B7,D,YPD+AA,Diploid,no
TCAATTACACATAAAATATGTG,1,plate_3,row_B,col_5,p3-B5,D,YP10%D,Diploid,no
TAAATATTGAATCCTCTATCGC,1,plate_4,row_B,col_6,p4-B6,D,YPD,Diploid,no
CCTATCCTTGATTTTCTATGTG,1,plate_7,row_B,col_5,p7-B5,D,YPD(37C),Diploid,no
GCTATCCCGTATCTTTAATTTA,1,plate_3,row_B,col_5,p3-B5,D,YP10%D,Diploid,no
CTCATGGAAGATGTTTTATAGA,1,plate_8,row_B,col_6,p8-B6,D,YPD(37C),Diploid,no
CGTATAATCGATCCTATATCAC,1,plate_5,row_C,col_3,p5-C3,H,YPD+AA,MATa,no
AGTATGCGGAATTTACCATTAT,1,plate_2,row_C,col_4,p2-C4,H,YP10%D,MATalpha,no
GACATCTGTGATCATAGATTGA,1,plate_2,row_C,col_2,p2-C2,H,YPD,MATalpha,no
CACATTCAGAATAACCCATCAA,1,plate_8,row_C,col_2,p8-C2,H,YPD(37C),MATalpha,no
ACTATCTCTGATTAATAATCCA,1,plate_6,row_C,col_4,p6-C4,H,YP10%D,MATalpha,no
TTTATCAACGATTACGTATTAC,1,plate_3,row_C,col_3,p3-C3,H,YPD+AA,MATa,no
GGAATATCCTATCTAATATCGT,1,plate_6,row_C,col_2,p6-C2,H,YPD,MATalpha,no
ATCATTGTATATCTCTCATTCT,1,plate_4,row_C,col_2,p4-C2,H,YPD,MATalpha,no
CCCATCGCACATCAGTTATCAC,1,plate_1,row_C,col_11,p1-C11,H,YPD,MATalpha,no
CAAATTATCTATCCAACATTCC,1,plate_7,row_C,col_3,p7-C3,H,YPD(37C),MATa,no
CTTATTTGAGATGACGTATTAT,1,plate_1,row_C,col_1,p1-C1,H,YP10%D,MATa,no
TCTATTTGTAATGGTCAATTTG,1,plate_1,row_C,col_9,p1-C9,H,YPD+AA,MATalpha,no
GAAATAGTCTATATCTGATCGC,1,plate_7,row_C,col_11,p7-C11,H,YPD(37C),MATalpha,no
ATTATGAATAATACCGTATCAC,1,plate_4,row_C,col_4,p4-C4,H,YP10%D,MATalpha,no
TGGATAAGGAATTTTTCATTTA,1,plate_6,row_C,col_12,p6-C12,H,YPD+AA,MATa,no
TGGATGTTATATACACTATTTT,1,plate_3,row_C,col_11,p3-C11,H,YPD,MATalpha,no
ATGATGGCATATACTCTATACT,1,plate_7,row_C,col_9,p7-C9,H,YPD(37C),MATalpha,no
CACATCTGTAATCTGTAATCCC,1,plate_7,row_C,col_1,p7-C1,H,YPD(37C),MATa,no
TTCATACATCATTCTGCATGAA,1,plate_8,row_C,col_4,p8-C4,H,YPD(37C),MATalpha,no
TAAATTAGACATCTCCAATTCC,1,plate_5,row_C,col_9,p5-C9,H,YPD+AA,MATalpha,no
ACGATATTTTATGAATTATCTA,1,plate_5,row_C,col_11,p5-C11,H,YPD,MATalpha,no
CTTATCTAATATCAGCGATATT,1,plate_3,row_C,col_9,p3-C9,H,YPD+AA,MATalpha,no
TTTATTACAGATACCAAATTTG,1,plate_4,row_C,col_12,p4-C12,H,YPD+AA,MATa,no
GTGATTCACTATGTCTCATTAT,1,plate_3,row_C,col_1,p3-C1,H,YP10%D,MATa,no
CGGATACTTCATGCCATATGCA,1,plate_2,row_C,col_12,p2-C12,H,YPD+AA,MATa,no
GCTATGGAAGATATTATATTTT,1,plate_5,row_C,col_1,p5-C1,H,YP10%D,MATa,no
GTGATGCGTAATTGTAGATTCT,1,plate_1,row_C,col_8,p1-C8,D,YPD,Diploid,no
ATAATGTCTAATACTCTATACC,1,plate_5,row_C,col_7,p5-C7,D,YP10%D,Diploid,no
TGTATAGAATATTACATATTTG,1,plate_4,row_C,col_4,p4-C4,H,YP10%D,MATalpha,no
TGTATTACGAATGATGTATTAC,1,plate_1,row_C,col_8,p1-C8,D,YPD,Diploid,no
AAAATGCGATATGTATAATCCA,1,plate_1,row_C,col_7,p1-C7,D,YP10%D,Diploid,no
TTAATTATACATTAAATATCGT,1,plate_4,row_C,col_4,p4-C4,H,YP10%D,MATalpha,yes
CCTATAGGAGATTGACAATCCT,1,plate_2,row_C,col_8,p2-C8,D,YPD,Diploid,no
AACATGTTTTATCCCCAATAAA,1,plate_5,row_C,col_7,p5-C7,D,YP10%D,Diploid,no
CTAATACCTAATTTTTGATTGA,1,plate_2,row_C,col_10,p2-C10,H,YP10%D,MATa,no
CATATTGTGAATGTTCCATACG,1,plate_8,row_C,col_12,p8-C12,H,YPD(37C),MATa,no
TTTATGCGTAATTGACCATGCC,1,plate_7,row_C,col_7,p7-C7,D,YPD(37C),Diploid,no
CACATTTGCTATTTTTCATCTT,1,plate_4,row_C,col_10,p4-C10,H,YP10%D,MATa,no
TCCATTCTGGATTGTGCATTTT,1,plate_2,row_C,col_6,p2-C6,D,YPD+AA,Diploid,no
CTTATAATTAATTCGTTATTAT,1,plate_4,row_C,col_8,p4-C8,D,YPD,Diploid,no
CTGATTTCGGATTTCACATTGA,1,plate_2,row_C,col_8,p2-C8,D,YPD,Diploid,no
CACATCCGCGATTGGTCATATA,1,plate_6,row_C,col_6,p6-C6,D,YPD+AA,Diploid,no
GTGATCAAAGATAAAAGATTAT,1,plate_8,row_C,col_8,p8-C8,D,YPD(37C),Diploid,no
TTAATGCCACATCTATAATCAT,1,plate_2,row_C,col_6,p2-C6,D,YPD+AA,Diploid,no
TAGATTTGACATGCTTCATCGA,1,plate_8,row_C,col_8,p8-C8,D,YPD(37C),Diploid,no
TGAATGTTTAATTCAATATGTA,1,plate_6,row_C,col_10,p6-C10,H,YP10%D,MATa,no
TGGATTACGTATTTGAGATTCT,1,plate_6,row_C,col_8,p6-C8,D,YPD,Diploid,no
CAGATACGCTATGCGACATGAA,1,plate_5,row_C,col_8,p5-C8,D,YPD,Diploid,no
AACATTCAAAATCACATATTTT,1,plate_1,row_C,col_7,p1-C7,D,YP10%D,Diploid,no
ACTATCATACATCCTACATGTC,1,plate_8,row_C,col_6,p8-C6,D,YPD(37C),Diploid,no
GTCATACGACATCTTCGATTTA,1,plate_4,row_C,col_8,p4-C8,D,YPD,Diploid,no
GGTATGAAAAATTGTTTATCAC,1,plate_7,row_C,col_7,p7-C7,D,YPD(37C),Diploid,no
CTTATATTCCATGGCAGATAAT,1,plate_7,row_C,col_8,p7-C8,D,YPD(37C),Diploid,no
AGCATGTAGGATGTATAATCAG,1,plate_4,row_C,col_6,p4-C6,D,YPD+AA,Diploid,no
TGAATTGTCCATACGCAATTGT,1,plate_6,row_C,col_8,p6-C8,D,YPD,Diploid,no
CCAATATATCATTATGCATTAA,1,plate_8,row_C,col_6,p8-C6,D,YPD(37C),Diploid,no
TGCATAATAAATCTAAAATATA,1,plate_5,row_C,col_8,p5-C8,D,YPD,Diploid,no
GTTATAGCCGATACTAAATTTA,1,plate_3,row_C,col_7,p3-C7,D,YP10%D,Diploid,no
CCGATCACTGATTCCAAATTGT,1,plate_3,row_C,col_7,p3-C7,D,YP10%D,Diploid,no
CTGATCGTACATTCCAAATTTC,1,plate_4,row_C,col_6,p4-C6,D,YPD+AA,Diploid,no
GGTATCTATAATTTCATATTAG,1,plate_8,row_C,col_10,p8-C10,H,YPD(37C),MATa,no
CAAATATGAAATGGCTAATGGG,1,plate_6,row_C,col_6,p6-C6,D,YPD+AA,Diploid,no
ACTATCTATAATGTTTGATTAA,1,plate_8,row_D,col_9,p8-D9,H,YPD(37C),MATa,no
TAGATTTGAGATAGGGTATCAT,1,plate_2,row_D,col_9,p2-D9,H,YP10%D,MATa,no
TCCATCCTAAATTAATAATGCA,1,plate_6,row_D,col_9,p6-D9,H,YP10%D,MATa,no
GTGATAACTCATTGATTATGAT,1,plate_1,row_D,col_12,p1-D12,H,YP10%D,MATalpha,no
ATGATACTGAATTGCTCATTCC,1,plate_5,row_D,col_12,p5-D12,H,YP10%D,MATalpha,no
GTAATGCCAAATAGCGCATATC,1,plate_7,row_D,col_10,p7-D10,H,YPD(37C),MATalpha,no
GATATTATACATAGGAAATTTG,1,plate_3,row_D,col_10,p3-D10,H,YPD,MATalpha,no
TCTATTTCCCATTACAAATTGA,1,plate_7,row_D,col_12,p7-D12,H,YPD(37C),MATalpha,no
ATTATCCGATATCATCAATCGT,1,plate_4,row_D,col_11,p4-D11,H,YPD+AA,MATa,no
GTCATTGATGATTCTCTATTCG,1,plate_3,row_D,col_12,p3-D12,H,YP10%D,MATalpha,no
GACATCGTTCATTTCTTATACC,1,plate_1,row_D,col_4,p1-D4,H,YPD,MATa,no
TCTATACAAAATATGAAATCTT,1,plate_1,row_D,col_10,p1-D10,H,YPD,MATalpha,no
TTAATCCATGATTGATAATTTC,1,plate_6,row_D,col_1,p6-D1,H,YPD,MATalpha,no
TGTATATTCTATAGGCCATTGG,1,plate_5,row_D,col_10,p5-D10,H,YPD,MATalpha,no
TGTATTTCCTATCTCCTATTCT,1,plate_4,row_D,col_1,p4-D1,H,YPD,MATalpha,no
TATATTACTCATCTTACATAAT,1,plate_2,row_D,col_1,p2-D1,H,YPD,MATalpha,no
CGTATTAATTATGGCCTATTTA,1,plate_6,row_D,col_11,p6-D11,H,YPD+AA,MATa,no
GTCATATAGAATCTTCTATCAT,1,plate_8,row_D,col_3,p8-D3,H,YPD(37C),MATalpha,no
TCTATCTTTCATATTCTATTCT,1,plate_8,row_D,col_1,p8-D1,H,YPD(37C),MATalpha,no
CTCATGCACCATAGTTTATAAG,1,plate_4,row_D,col_9,p4-D9,H,YP10%D,MATa,no
GTTATATACGATCATTTATAGG,1,plate_7,row_D,col_4,p7-D4,H,YPD(37C),MATa,no
CAGATATTTGATACGCTATCCG,1,plate_2,row_D,col_3,p2-D3,H,YP10%D,MATalpha,no
CTAATATCACATCTTAAATTAC,1,plate_8,row_D,col_11,p8-D11,H,YPD(37C),MATa,no
TTTATAAGTAATAGGTAATTAC,1,plate_1,row_D,col_2,p1-D2,H,YPD+AA,MATa,no
TTAATTAGAAATCTTATATACC,1,plate_7,row_D,col_2,p7-D2,H,YPD(37C),MATa,no
ATTATGCCTAATGTATCATGCC,1,plate_5,row_D,col_10,p5-D10,H,YPD,MATalpha,no
GCAATGGCGCATCACATATAAA,1,plate_3,row_D,col_4,p3-D4,H,YPD,MATa,no
CCCATCATGAATATTTTATTAT,1,plate_4,row_D,col_3,p4-D3,H,YP10%D,MATalpha,no
TGAATTTACTATGCAATATCTT,1,plate_3,row_D,col_2,p3-D2,H,YPD+AA,MATa,no
AGTATTCGGAATTCTTCATCCC,1,plate_5,row_D,col_2,p5-D2,H,YPD+AA,MATa,no
TTAATCTATCGACTATCTAC,1,plate_3,row_D,col_6,p3-D6,D,YP10%D,Diploid,no
CGTATTCTATATTGGGAATGAA,1,plate_5,row_D,col_4,p5-D4,H,YPD,MATa,no
AATATTGCGTATGTTCAATCTG,1,plate_7,row_D,col_6,p7-D6,D,YPD(37C),Diploid,no
TCCATGATCTATGCGTAATTCA,1,plate_1,row_D,col_6,p1-D6,D,YP10%D,Diploid,no
CCAATCAATAATCAAAAATTGG,1,plate_6,row_D,col_3,p6-D3,H,YP10%D,MATalpha,no
TCGATCCGGGATACGATATATA,1,plate_5,row_D,col_6,p5-D6,D,YP10%D,Diploid,no
ACGATACCATATCGATAATCTG,1,plate_4,row_D,col_5,p4-D5,D,YPD+AA,Diploid,no
CCTATTCGTAATAACGGATCAT,1,plate_2,row_D,col_5,p2-D5,D,YPD+AA,Diploid,no
AGTATACTATATGTACAATGTA,1,plate_8,row_D,col_5,p8-D5,D,YPD(37C),Diploid,no
AACATGTCCTATGAAATATCTT,1,plate_4,row_D,col_5,p4-D5,D,YPD+AA,Diploid,no
AATATCTAAAATGTATGATCGG,1,plate_5,row_D,col_6,p5-D6,D,YP10%D,Diploid,no
ATGATTCTCAATCGTACATCGA,1,plate_1,row_D,col_6,p1-D6,D,YP10%D,Diploid,no
CAGATGTTCTATACTCCATGAC,1,plate_8,row_D,col_5,p8-D5,D,YPD(37C),Diploid,no
CTAATTTTATATAGTGGATTTA,1,plate_2,row_D,col_5,p2-D5,D,YPD+AA,Diploid,no
ATAATTATATATGTGAAATACC,1,plate_6,row_D,col_5,p6-D5,D,YPD+AA,Diploid,no
TTGATGTTTCATCACTTATATT,1,plate_3,row_D,col_6,p3-D6,D,YP10%D,Diploid,no
CTCATTAACAATTATAGATAGT,1,plate_3,row_D,col_12,p3-D12,H,YP10%D,MATalpha,no
ACTATCGACGATAACTGATGAA,1,plate_6,row_D,col_5,p6-D5,D,YPD+AA,Diploid,no
TACATAGATAATCTACAATCAC,1,plate_1,row_E,col_3,p1-E3,H,YPD,MATa,no
TTTATTTGACATCAGATATCGA,1,plate_1,row_E,col_1,p1-E1,H,YPD+AA,MATa,no
CCTATTGCCTATGTTCAATCTT,1,plate_2,row_E,col_4,p2-E4,H,YPD+AA,MATalpha,no
CTTATCAGCAATGGAAAATTAT,1,plate_8,row_E,col_4,p8-E4,H,YPD(37C),MATalpha,no
TTCATGAATAATCCTGTATATA,1,plate_2,row_E,col_2,p2-E2,H,YP10%D,MATalpha,no
TTTATGATCAATTTGCAATTCA,1,plate_6,row_E,col_4,p6-E4,H,YPD+AA,MATalpha,no
ATGATAGCATATCTGCAATTTG,1,plate_2,row_E,col_10,p2-E10,H,YPD+AA,MATa,no
TCTATCTATAATTCCGCATAAC,1,plate_4,row_E,col_4,p4-E4,H,YPD+AA,MATalpha,no
TAGATTCAGTATCGACAATGTA,1,plate_1,row_E,col_11,p1-E11,H,YP10%D,MATalpha,no
AATATTTGTCATGCACGATCTA,1,plate_3,row_E,col_1,p3-E1,H,YPD+AA,MATa,no
TAGATGACCTATGAGGCATTAA,1,plate_8,row_E,col_2,p8-E2,H,YPD(37C),MATalpha,no
AGAATTAACGATCCGCGATTCG,1,plate_3,row_E,col_9,p3-E9,H,YPD,MATalpha,no
TAAATACGTCATCTTTTATCTT,1,plate_6,row_E,col_2,p6-E2,H,YP10%D,MATalpha,no
AGTATCCGGCATCTTTCATGGA,1,plate_4,row_E,col_12,p4-E12,H,YPD,MATa,no
ACCATTTTTGATAAACCATTAT,1,plate_7,row_E,col_3,p7-E3,H,YPD(37C),MATa,no
TATATGCTGAATCTTCAATGCC,1,plate_5,row_E,col_11,p5-E11,H,YP10%D,MATalpha,no
CTCATGCTGTATGCTCTATCGC,1,plate_3,row_E,col_11,p3-E11,H,YP10%D,MATalpha,no
ATTATTCGGGATCTTGCATCGA,1,plate_1,row_E,col_9,p1-E9,H,YPD,MATalpha,no
CGGATGTATAATGTCGAATGCT,1,plate_7,row_E,col_9,p7-E9,H,YPD(37C),MATalpha,no
TCTATGCTAAATATTGTATGTT,1,plate_5,row_E,col_1,p5-E1,H,YPD+AA,MATa,no
GTTATTAGATATGTTCCATTGA,1,plate_3,row_E,col_3,p3-E3,H,YPD,MATa,no
ACCATTATTCATGTTTCATTCG,1,plate_6,row_E,col_10,p6-E10,H,YPD+AA,MATa,no
TAAATAATACATGTTCTATCGG,1,plate_4,row_E,col_10,p4-E10,H,YPD+AA,MATa,no
TTAATCTTTAATAAACCATAGA,1,plate_4,row_E,col_2,p4-E2,H,YP10%D,MATalpha,no
ACAATTACGTATTGTTCATGGT,1,plate_5,row_E,col_3,p5-E3,H,YPD,MATa,no
TTAATATGTGATGGAGCATCAA,1,plate_5,row_E,col_9,p5-E9,H,YPD,MATalpha,no
TGCATCTGTTATCCGGCATTAT,1,plate_8,row_E,col_12,p8-E12,H,YPD(37C),MATa,no
ACTATCTGAAATCGCCTATTCT,1,plate_7,row_E,col_1,p7-E1,H,YPD(37C),MATa,no
TGCATAGTACATTCATGATGTA,1,plate_2,row_E,col_12,p2-E12,H,YPD,MATa,no
TCGATCTGCCATGACATATGTT,1,plate_8,row_E,col_10,p8-E10,H,YPD(37C),MATa,no
TTTATGCCTAATTAGTGATTAT,1,plate_1,row_E,col_8,p1-E8,D,YP10%D,Diploid,no
TACATTCACCATCCCGCATTCT,1,plate_1,row_E,col_6,p1-E6,D,YPD,Diploid,no
CCGATACTTAATTGCTTATCTA,1,plate_2,row_E,col_8,p2-E8,D,YP10%D,Diploid,no
AACATAAAACATCCTTCATTCT,1,plate_1,row_E,col_8,p1-E8,D,YP10%D,Diploid,no
TTAATTCATGATAACAGATACG,1,plate_7,row_E,col_6,p7-E6,D,YPD(37C),Diploid,no
ACTATCGCGAATGGGATATTGC,1,plate_2,row_E,col_8,p2-E8,D,YP10%D,Diploid,no
TCTATCGGGAATTCAATTATCCA,1,plate_1,row_E,col_6,p1-E6,D,YPD,Diploid,no
GTCATTTTCAATGTCATATCCA,1,plate_6,row_E,col_12,p6-E12,H,YPD,MATa,no
GGCATTCCGTATGAATCATCAT,1,plate_6,row_E,col_8,p6-E8,D,YP10%D,Diploid,no
CATATTATAAATTTTTCATTCT,1,plate_7,row_E,col_11,p7-E11,H,YPD(37C),MATalpha,no
ATTATGCTAAATGATTCATTAA,1,plate_6,row_E,col_7,p6-E7,D,YPD,Diploid,no
TATATTTGCCATCCTAAATGCC,1,plate_7,row_E,col_8,p7-E8,D,YPD(37C),Diploid,no
ATTATATGGAATTTTGCATCAC,1,plate_2,row_E,col_5,p2-E5,D,YP10%D,Diploid,no
TGTATTGGCTATGTGCCATTAA,1,plate_2,row_E,col_5,p2-E5,D,YP10%D,Diploid,no
TGTATTACTCATTGTTGATGCC,1,plate_4,row_E,col_8,p4-E8,D,YP10%D,Diploid,no
GCTATCACGCATACGTTATTCC,1,plate_2,row_E,col_7,p2-E7,D,YPD,Diploid,no
CTCATGGTAGATCAATCATACA,1,plate_4,row_E,col_5,p4-E5,D,YP10%D,Diploid,no
TGCATTTGAAATTTGTCATGTC,1,plate_7,row_E,col_6,p7-E6,D,YPD(37C),Diploid,no
TACATGAATAATATTTAATTTA,1,plate_6,row_E,col_8,p6-E8,D,YP10%D,Diploid,no
CACATTTCCGATTCTGCATAAC,1,plate_4,row_E,col_7,p4-E7,D,YPD,Diploid,no
AATATGCAAGTATAATCTATCGA,1,plate_4,row_E,col_7,p4-E7,D,YPD,Diploid,no
TGAATGAGACATGCTCTATCCG,1,plate_4,row_E,col_5,p4-E5,D,YP10%D,Diploid,no
ACTATGTTGGATCACCAATTGC,1,plate_2,row_E,col_7,p2-E7,D,YPD,Diploid,no
CACATAAAATATTCCGAATAGA,1,plate_6,row_E,col_7,p6-E7,D,YPD,Diploid,no
TTAATCGGATATCCCTAATTTA,1,plate_8,row_E,col_7,p8-E7,D,YPD(37C),Diploid,no
CACATACTACATTTACTATTCA,1,plate_8,row_E,col_5,p8-E5,D,YPD(37C),Diploid,no
TTAATTATACATCTTGCATAGC,1,plate_7,row_E,col_8,p7-E8,D,YPD(37C),Diploid,no
TTCATTCATTATAGAACATCGC,1,plate_3,row_E,col_8,p3-E8,D,YP10%D,Diploid,no
GGCATAGTTTATGATATATAGA,1,plate_4,row_E,col_8,p4-E8,D,YP10%D,Diploid,no
ATAATTAGTCATCTTTCTAGC,1,plate_5,row_E,col_6,p5-E6,D,YPD,Diploid,no
GGAATTCCTTATTCCACATTTT,1,plate_3,row_E,col_6,p3-E6,D,YPD,Diploid,no
TCTATTTTACATAATAGATCTA,1,plate_8,row_E,col_8,p8-E8,D,YPD(37C),Diploid,no
TCAATTTTGAATATTAGATTCG,1,plate_8,row_E,col_8,p8-E8,D,YPD(37C),Diploid,no
ACAATTTGCAATTATATATACT,1,plate_8,row_E,col_7,p8-E7,D,YPD(37C),Diploid,no
CAAATTATCCATATGGTATAAA,1,plate_5,row_E,col_6,p5-E6,D,YPD,Diploid,no
AATATAATCCATTTTATATAAC,1,plate_6,row_E,col_5,p6-E5,D,YP10%D,Diploid,no
TCTATATTTGATTCATTATCAT,1,plate_8,row_E,col_5,p8-E5,D,YPD(37C),Diploid,no
GAGATTTTTGATATTTCATGCC,1,plate_3,row_E,col_8,p3-E8,D,YP10%D,Diploid,no
TAAATCCCATATTCTTTATTAG,1,plate_3,row_E,col_6,p3-E6,D,YPD,Diploid,no
CTTATGTAGTATTAGGAATATG,1,plate_2,row_E,col_2,p2-E2,H,YP10%D,MATalpha,no
GCAATTGTTTATATGGGATATG,1,plate_6,row_E,col_12,p6-E12,H,YPD,MATa,no
CCTATATCGGATCATCGATTAA,1,plate_5,row_F,col_4,p5-F4,H,YP10%D,MATa,no
TCTATTGACTATTCCACATAAC,1,plate_3,row_F,col_2,p3-F2,H,YPD,MATa,no
GCTATTAGGAATCCTCAATTCA,1,plate_5,row_F,col_2,p5-F2,H,YPD,MATa,no
AGTATGGCCGATTCTTAATTAA,1,plate_1,row_F,col_4,p1-F4,H,YP10%D,MATa,no
TGCATTCCCAATTCACGATATC,1,plate_1,row_F,col_12,p1-F12,H,YPD+AA,MATalpha,no
TTCATGGTATATCAAAGATGTT,1,plate_4,row_F,col_9,p4-F9,H,YPD+AA,MATa,no
CAAATTTCACATAAGAGATACC,1,plate_1,row_F,col_5,p1-F5,D,YPD,Diploid,no
CTTATCTAAGATGGTTTATAAT,1,plate_4,row_F,col_3,p4-F3,H,YPD+AA,MATalpha,no
GTCATCTTCTATATGGCATGAT,1,plate_2,row_F,col_3,p2-F3,H,YPD+AA,MATalpha,no
TCTATGGATTATCTCGCATCTA,1,plate_1,row_F,col_5,p1-F5,D,YPD,Diploid,no
ATTATACGGGATTGTAAATCGT,1,plate_7,row_F,col_4,p7-F4,H,YPD(37C),MATa,no
TCCATTGCATATTTCATATGTT,1,plate_1,row_F,col_7,p1-F7,D,YP10%D,Diploid,no
AATATATTCAATAGTTTATATG,1,plate_6,row_F,col_3,p6-F3,H,YPD+AA,MATalpha,no
TTTATGTCTCATGTCCAATGAG,1,plate_1,row_F,col_7,p1-F7,D,YP10%D,Diploid,no
ACTATATGTTATTTTTTATGAA,1,plate_8,row_F,col_3,p8-F3,H,YPD(37C),MATalpha,no
CATATAGGCTATTGAAAATTCG,1,plate_7,row_F,col_2,p7-F2,H,YPD(37C),MATa,no
TAAATGGCATATCTTTCATGCA,1,plate_3,row_F,col_10,p3-F10,H,YP10%D,MATalpha,no
TCTATACCATATGCCTCATCTC,1,plate_5,row_F,col_7,p5-F7,D,YP10%D,Diploid,no
GAAATGATGCATTGGATATGCC,1,plate_7,row_F,col_7,p7-F7,D,YPD(37C),Diploid,no
TTCATTCACCATCCGCAATGTC,1,plate_5,row_F,col_7,p5-F7,D,YP10%D,Diploid,no
ATCATCTTGTATAGTCTATCAA,1,plate_5,row_F,col_5,p5-F5,D,YPD,Diploid,no
ATAATACCCGATCCCTAATGAC,1,plate_5,row_F,col_10,p5-F10,H,YP10%D,MATalpha,no
GCAATTCTACATGATCTATTTA,1,plate_7,row_F,col_10,p7-F10,H,YPD(37C),MATalpha,no
AGCATCTCTTATTGTCCATTGG,1,plate_3,row_F,col_4,p3-F4,H,YP10%D,MATa,no
TGGATCCAGTATGAATCATCGC,1,plate_5,row_F,col_5,p5-F5,D,YPD,Diploid,no
GCTATAACTGATCCCCAATCCA,1,plate_4,row_F,col_1,p4-F1,H,YP10%D,MATalpha,no
TACATTGGTCATACTTAATGCA,1,plate_3,row_F,col_7,p3-F7,D,YP10%D,Diploid,no
TGTATGGATAATACCAGATTTC,1,plate_2,row_F,col_9,p2-F9,H,YPD+AA,MATa,no
TTGATATACTATACCTGATTCA,1,plate_7,row_F,col_12,p7-F12,H,YPD(37C),MATalpha,no
ACAATCGGCTATCCGAAATATC,1,plate_4,row_F,col_6,p4-F6,D,YPD+AA,Diploid,no
GTGATTCCTAATGCTGTATCAT,1,plate_3,row_F,col_7,p3-F7,D,YP10%D,Diploid,no
TGCATACTATATTAAAAATCTA,1,plate_1,row_F,col_10,p1-F10,H,YP10%D,MATalpha,no
TCAATGTATAATCAGATATCTC,1,plate_8,row_F,col_6,p8-F6,D,YPD(37C),Diploid,no
CTCATATCGCATTTGCGATCAT,1,plate_8,row_F,col_11,p8-F11,H,YPD(37C),MATa,no
GAAATCGCATATGTCCCATACG,1,plate_3,row_F,col_12,p3-F12,H,YPD+AA,MATalpha,no
GTCATCTCCGATATAAAATCCA,1,plate_1,row_F,col_2,p1-F2,H,YPD,MATa,no
AGTATCCGGAATTGTTCATTTA,1,plate_6,row_F,col_6,p6-F6,D,YPD+AA,Diploid,no
TTAATATCAAATAGTGTATCGG,1,plate_7,row_F,col_5,p7-F5,D,YPD(37C),Diploid,no
GTTATTGTACATCTAAAATTCC,1,plate_4,row_F,col_6,p4-F6,D,YPD+AA,Diploid,no
CTAATTTTGTATCATATATGCA,1,plate_3,row_F,col_5,p3-F5,D,YPD,Diploid,no
TTTATGAGCCATTGACAATACA,1,plate_2,row_F,col_6,p2-F6,D,YPD+AA,Diploid,no
CCTATCTGTTATGATTTATTTA,1,plate_6,row_F,col_6,p6-F6,D,YPD+AA,Diploid,no
TCTATTGTCTATCTAATATTAT,1,plate_7,row_F,col_7,p7-F7,D,YPD(37C),Diploid,no
TGCATTCCCAATCGGACATGCG,1,plate_7,row_F,col_5,p7-F5,D,YPD(37C),Diploid,no
GGCATCAAAAATAATACATTCG,1,plate_6,row_F,col_1,p6-F1,H,YP10%D,MATalpha,no
ATCATTTATGATCTCTAATGGG,1,plate_2,row_F,col_11,p2-F11,H,YPD,MATa,no
TGCATCATACATTCGTGATCTC,1,plate_2,row_F,col_1,p2-F1,H,YP10%D,MATalpha,no
TAGATGTTTTATACCACATCCA,1,plate_6,row_F,col_9,p6-F9,H,YPD+AA,MATa,no
TTGATTATTTATAAATGATACT,1,plate_8,row_F,col_6,p8-F6,D,YPD(37C),Diploid,no
TCTATTCGTTATTATACATAGT,1,plate_2,row_F,col_6,p2-F6,D,YPD+AA,Diploid,no
CGTATTACCCATTTTAAATTTT,1,plate_8,row_F,col_9,p8-F9,H,YPD(37C),MATa,no
CTGATTTTTAATTCTTAATAGA,1,plate_5,row_F,col_12,p5-F12,H,YPD+AA,MATalpha,no
TACATTTGCAATTGAGTATCAA,1,plate_6,row_F,col_6,p6-F6,D,YPD+AA,Diploid,no
GGTATCCCGTATTGAAAATCTA,1,plate_4,row_F,col_11,p4-F11,H,YPD,MATa,no
TAAATGTACTATGTTTCATATC,1,plate_6,row_F,col_11,p6-F11,H,YPD,MATa,no
TTAAATATACCATTCCGCATAA,1,plate_8,row_F,col_1,p8-F1,H,YPD(37C),MATalpha,no
TATATAGTTTATTTTATATGTG,1,plate_3,row_F,col_5,p3-F5,D,YPD,Diploid,no
CCGATTGGTGATTTCATATCAA,1,plate_6,row_F,col_9,p6-F9,H,YPD+AA,MATa,yes
TCCATGTGTCATAATCGATTGG,1,plate_3,row_G,col_11,p3-G11,H,YPD+AA,MATalpha,no
ATGATTTTCCATCCGACATTCA,1,plate_6,row_G,col_12,p6-G12,H,YP10%D,MATa,no
CCGATGTTCAATTTATAATCCG,1,plate_1,row_G,col_9,p1-G9,H,YP10%D,MATalpha,no
CATATCGATGATCTACTATGAG,1,plate_5,row_G,col_9,p5-G9,H,YP10%D,MATalpha,no
TGCATTATTCATTTGTCATTCA,1,plate_3,row_G,col_9,p3-G9,H,YP10%D,MATalpha,no
TCTATTTCTAATCGATAATCTA,1,plate_7,row_G,col_11,p7-G11,H,YPD(37C),MATalpha,no
CATATAGTTCATGCAAAATGAT,1,plate_2,row_G,col_8,p2-G8,D,YPD+AA,Diploid,no
TACATGTGTAATCAAAGATTCT,1,plate_8,row_G,col_4,p8-G4,H,YPD(37C),MATalpha,no
CGCATAAAGTATATAATATTTA,1,plate_4,row_G,col_12,p4-G12,H,YP10%D,MATa,no
CTCATTACGGATTCTCAATCAA,1,plate_8,row_G,col_8,p8-G8,D,YPD(37C),Diploid,no
TCAATGCACGATATCCAATTCT,1,plate_4,row_G,col_4,p4-G4,H,YPD,MATalpha,no
TCAATCAGCGATTGGTAATATC,1,plate_1,row_G,col_8,p1-G8,D,YPD+AA,Diploid,no
GTCATGTGTGATGTAGAATTTC,1,plate_6,row_G,col_8,p6-G8,D,YPD+AA,Diploid,no
TTTATGAGACATAAAACATATC,1,plate_5,row_G,col_8,p5-G8,D,YPD+AA,Diploid,no
TACATCCCTAATCCTATATACT,1,plate_1,row_G,col_3,p1-G3,H,YP10%D,MATa,no
TTAATTTGTTATTCATAATTTT,1,plate_5,row_G,col_11,p5-G11,H,YPD+AA,MATalpha,no
TCTATACTACATTTGTCATTTT,1,plate_1,row_G,col_8,p1-G8,D,YPD+AA,Diploid,no
GGAATGCCATATCGTATATCGC,1,plate_8,row_G,col_10,p8-G10,H,YPD(37C),MATa,no
TGCATTTACCATGATCTATTAT,1,plate_1,row_G,col_7,p1-G7,D,YPD,Diploid,no
TGAATCTACTATTAGTGATACG,1,plate_8,row_G,col_12,p8-G12,H,YPD(37C),MATa,no
CCTATTTTCCATTGATAATCTC,1,plate_2,row_G,col_12,p2-G12,H,YP10%D,MATa,no
TGCATATTCTATCGATCATAAT,1,plate_2,row_G,col_10,p2-G10,H,YPD,MATa,no
TTTATAGTAAATTCTGAATTCT,1,plate_7,row_G,col_9,p7-G9,H,YPD(37C),MATalpha,no
GTGATTAACTATTCGTGATATA,1,plate_1,row_G,col_1,p1-G1,H,YPD,MATa,no
GACATTCTGTATCTCGAATGGG,1,plate_3,row_G,col_8,p3-G8,D,YPD+AA,Diploid,no
CACATTGAACATCCGTCATCTT,1,plate_8,row_G,col_2,p8-G2,H,YPD(37C),MATalpha,no
TGCATTATCTATCATGAATTAT,1,plate_5,row_G,col_8,p5-G8,D,YPD+AA,Diploid,no
GTCATACATAATTATCGATGTG,1,plate_6,row_G,col_2,p6-G2,H,YPD+AA,MATalpha,no
GTCATTCTCGATGTGTGATCGA,1,plate_4,row_G,col_5,p4-G5,D,YPD+AA,Diploid,no
CGTATTTCACATATTACATTTA,1,plate_1,row_G,col_7,p1-G7,D,YPD,Diploid,no
CACATGTTACATGAGTTATCAC,1,plate_3,row_G,col_1,p3-G1,H,YPD,MATa,no
CCCATTTATAATAAAAAATTTC,1,plate_1,row_G,col_11,p1-G11,H,YPD+AA,MATalpha,no
GGAATTTGGCATACCCCATTAG,1,plate_5,row_G,col_7,p5-G7,D,YPD,Diploid,no
AGTATTCCAAATAGTATATCTC,1,plate_7,row_G,col_3,p7-G3,H,YPD(37C),MATa,no
ATCATCGGGTATTTGCCATCCG,1,plate_3,row_G,col_7,p3-G7,D,YPD,Diploid,no
TGTATTTTAGATTCCGCATTCC,1,plate_7,row_G,col_7,p7-G7,D,YPD(37C),Diploid,no
GCAATACTCGATGTTTAATCAT,1,plate_5,row_G,col_7,p5-G7,D,YPD,Diploid,no
TGTATAATATATTATGTATCAG,1,plate_2,row_G,col_4,p2-G4,H,YPD,MATalpha,no
CGCATTGTTAATACATTATCGT,1,plate_2,row_G,col_2,p2-G2,H,YPD+AA,MATalpha,no
TTTATTGATTATTCAGGATATA,1,plate_4,row_G,col_10,p4-G10,H,YPD,MATa,no
TTAATATGCGATCTATTATCGT,1,plate_6,row_G,col_10,p6-G10,H,YPD,MATa,no
TCCATAAATCATTTTCCATCTC,1,plate_4,row_G,col_8,p4-G8,D,YPD+AA,Diploid,no
TCTATCAGATATGTATTATTTT,1,plate_6,row_G,col_8,p6-G8,D,YPD+AA,Diploid,no
TGCATTTTTCATGACCAATAGA,1,plate_2,row_G,col_5,p2-G5,D,YPD+AA,Diploid,no
ATTATGGTTTATTTAATATATA,1,plate_4,row_G,col_8,p4-G8,D,YPD+AA,Diploid,no
ACCATAGTTCATATAATATTAA,1,plate_5,row_G,col_1,p5-G1,H,YPD,MATa,no
GAAATGCTCCATGTTCTATTCC,1,plate_6,row_G,col_5,p6-G5,D,YPD+AA,Diploid,no
GTAATTAGTTATTATCTATATG,1,plate_2,row_G,col_8,p2-G8,D,YPD+AA,Diploid,no
CGTATAAATAATTTTAGATCAC,1,plate_8,row_G,col_8,p8-G8,D,YPD(37C),Diploid,no
GGTATCCTAGATACTCATGGC,1,plate_4,row_G,col_2,p4-G2,H,YPD+AA,MATalpha,no
TGTATTTCAGATATTGGATATA,1,plate_8,row_G,col_5,p8-G5,D,YPD(37C),Diploid,no
CTAATGTGCGATGTTATATCCA,1,plate_4,row_G,col_5,p4-G5,D,YPD+AA,Diploid,no
TACATTTAGAATCTTTGATCAC,1,plate_7,row_G,col_7,p7-G7,D,YPD(37C),Diploid,no
AATATTCGCTATATATTATTCC,1,plate_4,row_G,col_5,p4-G5,D,YPD+AA,Diploid,no
AGAATCCTTTATTAGGCATTTC,1,plate_8,row_G,col_5,p8-G5,D,YPD(37C),Diploid,no
ACGATCTCTCATTCAACATATA,1,plate_5,row_G,col_8,p5-G8,D,YPD+AA,Diploid,no
CCCATTAGCAATGATATATAAT,1,plate_3,row_G,col_8,p3-G8,D,YPD+AA,Diploid,no
ACTATACGTTATTAGACATTAT,1,plate_6,row_G,col_5,p6-G5,D,YPD+AA,Diploid,no
CGCATACGACATACGATATTGG,1,plate_5,row_G,col_3,p5-G3,H,YP10%D,MATa,no
TTCATTTCACATTAAGTATAAT,1,plate_3,row_G,col_8,p3-G8,D,YPD+AA,Diploid,no
AGTATTATACATCTCTAATCCT,1,plate_3,row_G,col_7,p3-G7,D,YPD,Diploid,no
CAAATTTTAAATAAGGAATCTC,1,plate_2,row_G,col_5,p2-G5,D,YPD+AA,Diploid,no
CTTATAATAGATATATAATGCG,1,plate_7,row_G,col_1,p7-G1,H,YPD(37C),MATa,no
GAAATATTAGATCCGAGATTAA,1,plate_3,row_G,col_3,p3-G3,H,YP10%D,MATa,no
GTGATTAGCAATCTAGCATATT,1,plate_4,row_G,col_2,p4-G2,H,YPD+AA,MATalpha,no
AGTATTTCCTATCATTGATCAT,1,plate_6,row_G,col_5,p6-G5,D,YPD+AA,Diploid,no
CGCATATCTGATGATGTATCTA,1,plate_1,row_H,col_12,p1-H12,H,YPD,MATalpha,no
CTCATATTGCATCCACCATTCT,1,plate_1,row_H,col_2,p1-H2,H,YP10%D,MATa,no
GTCATACATTATTCTGCATAAC,1,plate_7,row_H,col_12,p7-H12,H,YPD(37C),MATalpha,no
AGTATTGCATATTTTACATTAT,1,plate_5,row_H,col_2,p5-H2,H,YP10%D,MATa,no
AACATCATGCATGATCCATTTA,1,plate_1,row_H,col_10,p1-H10,H,YPD+AA,MATalpha,no
ACCATCAAGCATTCACGATATC,1,plate_6,row_H,col_9,p6-H9,H,YPD,MATa,no
TGGATTCAGTATATAAGATCAT,1,plate_5,row_H,col_12,p5-H12,H,YPD,MATalpha,no
AGCATCATGGATCATTGATGTT,1,plate_5,row_H,col_10,p5-H10,H,YPD+AA,MATalpha,no
CCTATACTCAATGCCCTATTTC,1,plate_3,row_H,col_2,p3-H2,H,YP10%D,MATa,no
TGTATTTTCCATCAACAATACG,1,plate_1,row_H,col_6,p1-H6,D,YPD,Diploid,no
ATTATGGCAAATTTGCAATGGG,1,plate_7,row_H,col_10,p7-H10,H,YPD(37C),MATalpha,no
GACATTTGTGATACAGTATGGA,1,plate_3,row_H,col_4,p3-H4,H,YPD+AA,MATa,no
ACTATCCATAATGTTCAATGTC,1,plate_6,row_H,col_3,p6-H3,H,YPD,MATalpha,no
CCTATCAATCATGGGGGATATC,1,plate_5,row_H,col_6,p5-H6,D,YPD,Diploid,no
GCGATGACAAATGTATTATGTG,1,plate_3,row_H,col_12,p3-H12,H,YPD,MATalpha,no
TATATGCATTATCCCTAATTCT,1,plate_2,row_H,col_11,p2-H11,H,YP10%D,MATa,no
AGAATGCGTAATTCGCGATTAT,1,plate_7,row_H,col_6,p7-H6,D,YPD(37C),Diploid,no
CTAATGTTCTATCTATTATCCA,1,plate_2,row_H,col_5,p2-H5,D,YP10%D,Diploid,no
CAAATCATCTATTGTCTATCTC,1,plate_3,row_H,col_6,p3-H6,D,YPD,Diploid,no
AGCATGTTTGATTCCCAATACC,1,plate_7,row_H,col_2,p7-H2,H,YPD(37C),MATa,no
CTAATTTATTATTACTAATTCA,1,plate_7,row_H,col_4,p7-H4,H,YPD(37C),MATa,no
TACATCGTAAATAGGCAATGTC,1,plate_5,row_H,col_6,p5-H6,D,YPD,Diploid,no
ACCATGTTGGATTAGCAATCCG,1,plate_2,row_H,col_9,p2-H9,H,YPD,MATa,no
CCTATGTGAAATTCTGCATCCT,1,plate_2,row_H,col_5,p2-H5,D,YP10%D,Diploid,no
TTTATACTCGATTCGGTATGAT,1,plate_4,row_H,col_5,p4-H5,D,YP10%D,Diploid,no
CAAATGATTAATGAAATATCTC,1,plate_2,row_H,col_3,p2-H3,H,YPD,MATalpha,no
GTTATATACAATAGGACATGGC,1,plate_4,row_H,col_11,p4-H11,H,YP10%D,MATa,no
GCCATTGATCATTTATTATATA,1,plate_7,row_H,col_6,p7-H6,D,YPD(37C),Diploid,no
CGGATTACTAATTCACTATCTA,1,plate_5,row_H,col_4,p5-H4,H,YPD+AA,MATa,no
GGCATGGATAATCCTAAATTCC,1,plate_4,row_H,col_9,p4-H9,H,YPD,MATa,no
TTGATTAATAATTAAATATGGT,1,plate_3,row_H,col_10,p3-H10,H,YPD+AA,MATalpha,no
TAGATCGTTCATCGATGATGAC,1,plate_4,row_H,col_3,p4-H3,H,YPD,MATalpha,no
TCTATAGTTAATAGTAAATTAT,1,plate_8,row_H,col_5,p8-H5,D,YPD(37C),Diploid,no
TACATAGTCAATTTTCAATATG,1,plate_8,row_H,col_11,p8-H11,H,YPD(37C),MATa,no
CATATCTATAATGCACAATACC,1,plate_1,row_H,col_6,p1-H6,D,YPD,Diploid,no
TTGATATATAATATTGCATTGT,1,plate_4,row_H,col_7,p4-H7,D,YPD+AA,Diploid,no
TTCATCTACTATATTGCATTCG,1,plate_8,row_H,col_1,p8-H1,H,YPD(37C),MATalpha,no
AGGATGGACAATAATTTATTC,1,plate_6,row_H,col_1,p6-H1,H,YPD+AA,MATalpha,no
CTCATAATTTATCGGCGATCTG,1,plate_4,row_H,col_5,p4-H5,D,YP10%D,Diploid,no
TCCATGTGCAATGAATGATAAG,1,plate_6,row_H,col_5,p6-H5,D,YP10%D,Diploid,no
ACAATTTAATATATACTATTTC,1,plate_6,row_H,col_11,p6-H11,H,YP10%D,MATa,no
ATGATCGTCAATATCTAATTTC,1,plate_4,row_H,col_7,p4-H7,D,YPD+AA,Diploid,no
TCGATTTTTGATAGCTCATGCG,1,plate_6,row_H,col_7,p6-H7,D,YPD+AA,Diploid,no
CGCATCCTCTATAATGAATATA,1,plate_8,row_H,col_7,p8-H7,D,YPD(37C),Diploid,no
CAAATTTTTGATCCGAGATGGG,1,plate_6,row_H,col_5,p6-H5,D,YP10%D,Diploid,no
TAGATTGCACATCTCGAATTTA,1,plate_8,row_H,col_9,p8-H9,H,YPD(37C),MATa,no
GATATCATAGATCCACGATGCT,1,plate_6,row_H,col_7,p6-H7,D,YPD+AA,Diploid,no
GCCATTGGATATATTTGATTAA,1,plate_8,row_H,col_7,p8-H7,D,YPD(37C),Diploid,no
CTGATAAGTTATTGTAAATCGA,1,plate_2,row_H,col_7,p2-H7,D,YPD+AA,Diploid,no
TCAATTATAGATTAAAGATCAG,1,plate_8,row_H,col_5,p8-H5,D,YPD(37C),Diploid,no
AGTATGACCGATATTAAATCAG,1,plate_2,row_H,col_1,p2-H1,H,YPD+AA,MATalpha,no
ATTATAGATCATATTTAATACC,1,plate_4,row_H,col_1,p4-H1,H,YPD+AA,MATalpha,yes
TACATTTTGCATCCGATATCCA,1,plate_6,row_G,col_5,p6-G5,D,YPD+AA,Diploid,yes
CAGATTCTGTATATCTTATAAC,1,plate_3,row_H,col_6,p3-H6,D,YPD,Diploid,yes
AAAATACTATATCCATGATCGG,1,plate_2,row_H,col_7,p2-H7,D,YPD+AA,Diploid,yes
TGGATTACCCATTGTCAATATA,1,plate_8,row_H,col_7,p8-H7,D,YPD(37C),Diploid,yes
TAAATCTCTTATACTCTATCAC,1,plate_7,row_C,col_8,p7-C8,D,YPD(37C),Diploid,yes
TTAATAATATATATAAAATATC,1,plate_1,row_H,col_4,p1-H4,H,YPD+AA,MATa,yes
TCTATTAATTATATTAAATTCT,1,plate_7,row_E,col_3,p7-E3,H,YPD(37C),MATa,yes
TAGATGGGACATTGCATATCCG,2,plate_6,row_A,col_9,p6-A9,H,YP10%D,MATa,no
ACGATAAATGATAGGATATCCA,2,plate_8,row_A,col_11,p8-A11,H,YPD(37C),MATa,no
CAAATATTTGATTACGGATGTA,2,plate_1,row_A,col_12,p1-A12,H,YP10%D,MATalpha,no
GAAATCTAACATCGCGAATATG,2,plate_7,row_A,col_12,p7-A12,H,YPD(37C),MATalpha,no
GAAATTACAAATCTTGAATGAA,2,plate_7,row_A,col_2,p7-A2,H,YPD(37C),MATa,no
ATAATCAAAGATAGAAGATAGA,2,plate_5,row_A,col_4,p5-A4,H,YPD,MATa,no
TAAATATTACATGGACAATTCA,2,plate_1,row_A,col_2,p1-A2,H,YPD+AA,MATa,no
GCCATCTTTGATGGTCCATACA,2,plate_3,row_A,col_12,p3-A12,H,YP10%D,MATalpha,no
TAGATACCTAATCGACAATAAG,2,plate_6,row_A,col_1,p6-A1,H,YPD,MATalpha,no
CACATCTTGTATGTATGATTTG,2,plate_5,row_A,col_2,p5-A2,H,YPD+AA,MATa,no
CCTATTAATCATGGCATATACA,2,plate_8,row_A,col_1,p8-A1,H,YPD(37C),MATalpha,no
CCCATAGGTGATAGCTAATTGG,2,plate_5,row_A,col_10,p5-A10,H,YPD,MATalpha,no
TTTATTACCTATATGTGATACA,2,plate_2,row_A,col_1,p2-A1,H,YPD,MATalpha,no
TGAATCGTTTATAATAGATATA,2,plate_1,row_A,col_10,p1-A10,H,YPD,MATalpha,no
TTAATAATAGATCGAGTATCTG,2,plate_4,row_A,col_1,p4-A1,H,YPD,MATalpha,no
AATATGTAGCATAAATTATATA,2,plate_6,row_A,col_11,p6-A11,H,YPD+AA,MATa,no
TTGATTATGAATTGCATATGAG,2,plate_5,row_A,col_12,p5-A12,H,YP10%D,MATalpha,no
TATATGCCAGATAAGAAATACC,2,plate_1,row_A,col_4,p1-A4,H,YPD,MATa,no
TTGATTCATAATCCAAGATGTA,2,plate_4,row_A,col_3,p4-A3,H,YP10%D,MATalpha,no
CTAATATACCATTTTCCATGAA,2,plate_3,row_A,col_10,p3-A10,H,YPD,MATalpha,no
GTGATTACAAATCTAATATATA,2,plate_4,row_A,col_11,p4-A11,H,YPD+AA,MATa,no
TGGATAGGAAATAACATATAGG,2,plate_6,row_A,col_3,p6-A3,H,YP10%D,MATalpha,no
CTTATAGTGCATGCCGAATCAG,2,plate_7,row_A,col_10,p7-A10,H,YPD(37C),MATalpha,no
GTTATTAGCAATAAGATATGAA,2,plate_2,row_A,col_3,p2-A3,H,YP10%D,MATalpha,no
TGTATAAACAATTCAGAATTGG,2,plate_8,row_A,col_5,p8-A5,D,YPD(37C),Diploid,no
TTTATTGTAAATCTCTGATAGA,2,plate_2,row_B,col_7,p2-B7,D,YPD+AA,Diploid,yes
TGCATGTGTGATAACAGATACG,2,plate_8,row_A,col_5,p8-A5,D,YPD(37C),Diploid,no
ATTATGAATTATACATTATCTA,2,plate_2,row_A,col_9,p2-A9,H,YP10%D,MATa,no
TTAATGACGAATAACACATGAA,2,plate_7,row_A,col_4,p7-A4,H,YPD(37C),MATa,no
TCGATGTGTCATGGCTGATTAA,2,plate_8,row_A,col_9,p8-A9,H,YPD(37C),MATa,no
TGCATAGTACATAGGCAATTGA,2,plate_1,row_A,col_7,p1-A7,D,YPD,Diploid,no
ACAATAGGGTATCAAACATATA,2,plate_1,row_A,col_7,p1-A7,D,YPD,Diploid,no
TCCATCTCGCATAAGAAATGTG,2,plate_3,row_A,col_2,p3-A2,H,YPD+AA,MATa,no
ACAATCAAATATATGCAATGTA,2,plate_5,row_A,col_7,p5-A7,D,YPD,Diploid,no
TGGATAGCATATGACTGATGGA,2,plate_5,row_A,col_7,p5-A7,D,YPD,Diploid,no
AATATAACTAATCAAGTATGTG,2,plate_4,row_A,col_9,p4-A9,H,YP10%D,MATa,no
TGAATGAGTCATTAAAAATATC,2,plate_6,row_A,col_5,p6-A5,D,YPD+AA,Diploid,no
TTTATGACTAATTGTTTATCCA,2,plate_6,row_A,col_5,p6-A5,D,YPD+AA,Diploid,no
TCAATGAGGAATTCTCCATAAA,2,plate_3,row_A,col_7,p3-A7,D,YPD,Diploid,no
ATGATAGTTAATACTGTATAAA,2,plate_3,row_A,col_7,p3-A7,D,YPD,Diploid,no
TCGATATGGAATATAACATACA,2,plate_7,row_A,col_7,p7-A7,D,YPD(37C),Diploid,no
CAGATAAAAAATGCAGAATGTG,2,plate_7,row_A,col_7,p7-A7,D,YPD(37C),Diploid,no
ACTATAAGGTATAGATAATACA,2,plate_4,row_A,col_5,p4-A5,D,YPD+AA,Diploid,no
CGAATTTATCATCTGCCATAAG,2,plate_2,row_A,col_5,p2-A5,D,YPD+AA,Diploid,no
GGCATAAAGGATAACCCATAAT,2,plate_4,row_A,col_5,p4-A5,D,YPD+AA,Diploid,no
TTCATGTCAAATCTCACATTAA,2,plate_2,row_A,col_5,p2-A5,D,YPD+AA,Diploid,no
TACATGAGCAATGGACGATACG,2,plate_2,row_A,col_11,p2-A11,H,YPD+AA,MATa,no
GATATTGGCTATGAGAAATCAG,2,plate_3,row_A,col_4,p3-A4,H,YPD,MATa,no
CTAATGAAAGATAGTCCATGAG,2,plate_2,row_A,col_5,p2-A5,D,YPD+AA,Diploid,no
TGAATAGGGAATATTGCATGGG,2,plate_8,row_B,col_10,p8-B10,H,YPD(37C),MATa,no
ATTCATGCACAATTAAAAATATG,2,plate_1,row_B,col_1,p1-B1,H,YPD+AA,MATa,no
TTGATTCCCTATGAGACATATC,2,plate_2,row_B,col_4,p2-B4,H,YPD+AA,MATalpha,no
GTGATGATAAATAAACGATACG,2,plate_6,row_B,col_12,p6-B12,H,YPD,MATa,no
CGTATAAGGCATATTCTATTTA,2,plate_7,row_B,col_1,p7-B1,H,YPD(37C),MATa,no
TGGATTCAGGATACGGGATACA,2,plate_1,row_B,col_9,p1-B9,H,YPD,MATalpha,no
TCCATGAACAATATTAGATTGA,2,plate_4,row_B,col_4,p4-B4,H,YPD+AA,MATalpha,no
CGGATCGGGCATATTACATTAG,2,plate_7,row_B,col_9,p7-B9,H,YPD(37C),MATalpha,no
GAGATAATGAATTGGCAATTAA,2,plate_5,row_B,col_11,p5-B11,H,YP10%D,MATalpha,no
AAGATGGATGATAAAGAATACG,2,plate_5,row_B,col_9,p5-B9,H,YPD,MATalpha,no
TATATTGAAGATAGTTCATAAA,2,plate_6,row_B,col_4,p6-B4,H,YPD+AA,MATalpha,no
AAGATTGGGAATGATTTATAGA,2,plate_3,row_B,col_11,p3-B11,H,YP10%D,MATalpha,no
TCAATCGGCCATATAAGATAAG,2,plate_8,row_B,col_4,p8-B4,H,YPD(37C),MATalpha,no
GTTATGTAATATTGCGAATTAA,2,plate_7,row_B,col_11,p7-B11,H,YPD(37C),MATalpha,no
GGCATTTGGTATAAAGTATCTA,2,plate_3,row_B,col_9,p3-B9,H,YPD,MATalpha,no
CGCATTAATCATTTATTATTGA,2,plate_6,row_B,col_2,p6-B2,H,YP10%D,MATalpha,no
AAGATCAGCAATAAAAAATCTA,2,plate_4,row_B,col_2,p4-B2,H,YP10%D,MATalpha,no
AAGATGATCTATTGAATATTTT,2,plate_1,row_B,col_11,p1-B11,H,YP10%D,MATalpha,no
TATATTCTTAATACAGATATA,2,plate_4,row_B,col_10,p4-B10,H,YPD+AA,MATa,no
TGAATAGCAAATATCCAATGAA,2,plate_2,row_B,col_2,p2-B2,H,YP10%D,MATalpha,no
TCAATATCTCATACTCTATAGG,2,plate_1,row_B,col_3,p1-B3,H,YPD,MATa,no
GACATTTTGAATAAAAAATAAG,2,plate_8,row_B,col_2,p8-B2,H,YPD(37C),MATalpha,no
TGGATTGCGCATTCTGTATGTT,2,plate_3,row_B,col_3,p3-B3,H,YPD,MATa,no
CAGATTTGCTATTAGATATGCC,2,plate_5,row_B,col_3,p5-B3,H,YPD,MATa,no
GGGATGGCATATTTGTTATCGG,2,plate_7,row_B,col_3,p7-B3,H,YPD(37C),MATa,no
AGCATGTAGTATCGATCATCAA,2,plate_8,row_B,col_12,p8-B12,H,YPD(37C),MATa,no
CCAATGTACAATAAGGAATAGA,2,plate_5,row_B,col_1,p5-B1,H,YPD+AA,MATa,no
TACATAGATTATTCATAATGAA,2,plate_6,row_B,col_10,p6-B10,H,YPD+AA,MATa,no
TGGATTTGTAATTGGTAATGAG,2,plate_3,row_B,col_1,p3-B1,H,YPD+AA,MATa,no
TGGATATAAAATAATTCATGAG,2,plate_2,row_B,col_10,p2-B10,H,YPD+AA,MATa,no
CAGATTAACAATAAAGCATTTGA,2,plate_4,row_B,col_12,p4-B12,H,YPD,MATa,no
TGTATACGTAATAGGGTATAAG,2,plate_1,row_B,col_8,p1-B8,D,YP10%D,Diploid,no
TTAATACATCATCGACGATATG,2,plate_1,row_B,col_6,p1-B6,D,YPD,Diploid,no
TGAATTGGCAATTTCATATATA,2,plate_1,row_B,col_8,p1-B8,D,YP10%D,Diploid,no
TGAATCAGTGATGACTGATCAA,2,plate_3,row_B,col_8,p3-B8,D,YP10%D,Diploid,no
CCTATACTTCATCTCGTATGGA,2,plate_5,row_B,col_8,p5-B8,D,YP10%D,Diploid,no
CGTATGATCGATGCGCGATTGG,2,plate_6,row_B,col_8,p6-B8,D,YP10%D,Diploid,no
TAAATTAAGGATAGGTTATTCA,2,plate_5,row_B,col_6,p5-B6,D,YPD,Diploid,no
CACATATCGAATTATGTATGCA,2,plate_1,row_B,col_6,p1-B6,D,YPD,Diploid,no
GTCATAAATAATTGATGATGCA,2,plate_5,row_B,col_6,p5-B6,D,YPD,Diploid,no
GAGATAAGCAATTGAATATTCG,2,plate_4,row_B,col_8,p4-B8,D,YP10%D,Diploid,no
CCGATGTAGAATGAAAAATGTA,2,plate_4,row_B,col_7,p4-B7,D,YPD+AA,Diploid,no
TAGATCCAGCATTCTGTATCCT,2,plate_8,row_B,col_8,p8-B8,D,YPD(37C),Diploid,no
TCTATACGTAATATTTTATAGC,2,plate_8,row_B,col_8,p8-B8,D,YPD(37C),Diploid,no
TGAATAGGAAATCCTAGATAGG,2,plate_5,row_B,col_8,p5-B8,D,YP10%D,Diploid,no
TATATATGGGATAATTTATGGT,2,plate_4,row_B,col_7,p4-B7,D,YPD+AA,Diploid,no
GCAATGTTCAATGCACGATGTA,2,plate_2,row_B,col_7,p2-B7,D,YPD+AA,Diploid,no
CTGATATGCCGATAAACTATTTA,2,plate_2,row_B,col_5,p2-B5,D,YP10%D,Diploid,no
CTGATCGTGAATTAATAATGGA,2,plate_8,row_B,col_7,p8-B7,D,YPD(37C),Diploid,no
TAGATAGAATATCAAATATACC,2,plate_6,row_B,col_7,p6-B7,D,YPD+AA,Diploid,no
AGGATTTTAAATGGCTTATTGA,2,plate_3,row_B,col_8,p3-B8,D,YP10%D,Diploid,no
GAGATGCAAGATAAGAAATCCG,2,plate_6,row_B,col_7,p6-B7,D,YPD+AA,Diploid,no
TAGATTATGAATTGTAAATGCA,2,plate_4,row_B,col_5,p4-B5,D,YP10%D,Diploid,no
GGAATGACTAATCAAAAATCAA,2,plate_3,row_B,col_6,p3-B6,D,YPD,Diploid,no
CAGATCATACATCTCTTATAAA,2,plate_2,row_B,col_5,p2-B5,D,YP10%D,Diploid,no
CTAATGGTATATCTCCAATGGG,2,plate_7,row_B,col_8,p7-B8,D,YPD(37C),Diploid,no
TGAATGTTGCATGTACAATAAA,2,plate_8,row_B,col_5,p8-B5,D,YPD(37C),Diploid,no
TGAATTAATTATGTTACATGAA,2,plate_4,row_B,col_8,p4-B8,D,YP10%D,Diploid,no
TAAATGAGTAATTTATGATGGC,2,plate_7,row_B,col_6,p7-B6,D,YPD(37C),Diploid,no
AAAATAATCAATTACAAATTGA,2,plate_6,row_B,col_5,p6-B5,D,YP10%D,Diploid,no
TTCATTACCAATGCGGTATAGA,2,plate_4,row_B,col_5,p4-B5,D,YP10%D,Diploid,no
TCGATAAATAATTTGATATGAA,2,plate_8,row_B,col_5,p8-B5,D,YPD(37C),Diploid,no
ATAATGAAAAATAATAAATAAG,2,plate_2,row_B,col_12,p2-B12,H,YPD,MATa,no
TATATCTTCCATGATGCATTAA,2,plate_7,row_B,col_8,p7-B8,D,YPD(37C),Diploid,no
ACAATTGGACATAACTTATTAA,2,plate_6,row_B,col_5,p6-B5,D,YP10%D,Diploid,no
TCGATACTACATATAGAATATG,2,plate_3,row_B,col_6,p3-B6,D,YPD,Diploid,no
TCAATAGAGTATACCGAATTCA,2,plate_7,row_B,col_6,p7-B6,D,YPD(37C),Diploid,no
ATAATCTGACATTAATAATAAA,2,plate_8,row_B,col_7,p8-B7,D,YPD(37C),Diploid,no
TTTATACACGATAGTAAATGAA,2,plate_2,row_B,col_7,p2-B7,D,YPD+AA,Diploid,no
TAAATGGTACATATTTAATGAG,2,plate_7,row_B,col_6,p7-B6,D,YPD(37C),Diploid,no
TTAATCCCGTATTACAAATGAA,2,plate_6,row_C,col_3,p6-C3,H,YPD+AA,MATalpha,no
GCTATTACGCATGACTTATGGG,2,plate_1,row_C,col_2,p1-C2,H,YPD,MATa,no
CAGATTCTCAATGAGTTATTTA,2,plate_4,row_C,col_3,p4-C3,H,YPD+AA,MATalpha,no
TTAATTCCCAATGAGGTATTGT,2,plate_2,row_C,col_3,p2-C3,H,YPD+AA,MATalpha,no
TAAATTTTCTATCGTCAATGCA,2,plate_8,row_C,col_3,p8-C3,H,YPD(37C),MATalpha,no
TTGATTACAAATGCTAAATGAT,2,plate_5,row_C,col_4,p5-C4,H,YP10%D,MATa,no
TCAATTAAGGATGAAGTATGCG,2,plate_5,row_C,col_2,p5-C2,H,YPD,MATa,no
TCGATGGTCAATTTAAGATCG,2,plate_7,row_C,col_2,p7-C2,H,YPD(37C),MATa,no
CTATTAGGAATGGTGTATATG,2,plate_1,row_C,col_12,p1-C12,H,YPD+AA,MATalpha,no
CGGATAGTTGATTGCACATATG,2,plate_7,row_C,col_12,p7-C12,H,YPD(37C),MATalpha,no
GGAATGTATAATTCCAGATCTA,2,plate_2,row_C,col_11,p2-C11,H,YPD,MATa,no
CCTATTGTAAATGCGAGATAAG,2,plate_1,row_C,col_4,p1-C4,H,YP10%D,MATa,no
ATTATACCTTATAGAAAATATA,2,plate_5,row_C,col_12,p5-C12,H,YPD+AA,MATalpha,no
TTAATCCATAATGTGAGATACA,2,plate_3,row_C,col_12,p3-C12,H,YPD+AA,MATalpha,no
ATTATCTGAGATTGCGAATCGT,2,plate_7,row_C,col_4,p7-C4,H,YPD(37C),MATa,no
AGAATTGTTGATCCTATATCTT,2,plate_3,row_C,col_4,p3-C4,H,YP10%D,MATa,no
CTAATTCCACATGCGGGATACC,2,plate_7,row_C,col_10,p7-C10,H,YPD(37C),MATalpha,no
AAGATCAAGTATTACAGATCTG,2,plate_3,row_C,col_2,p3-C2,H,YPD,MATa,no
TACATAAGTAATAATATATGAG,2,plate_4,row_C,col_9,p4-C9,H,YPD+AA,MATa,no
CACATGTGGTATTCGGGATCAA,2,plate_2,row_C,col_1,p2-C1,H,YP10%D,MATalpha,no
TGGATCTGGTATGACTAATGTG,2,plate_5,row_C,col_10,p5-C10,H,YP10%D,MATalpha,no
TGTATACTACATTAAAGATAGA,2,plate_6,row_C,col_1,p6-C1,H,YP10%D,MATalpha,no
TCGATGGCCAATAAGACATACG,2,plate_1,row_C,col_10,p1-C10,H,YP10%D,MATalpha,no
CTAATTAATGATGACGAATGTG,2,plate_4,row_C,col_1,p4-C1,H,YP10%D,MATalpha,no
CGAATGTTCCATAGTAGATGAG,2,plate_8,row_C,col_1,p8-C1,H,YPD(37C),MATalpha,no
ACAATTCAGAATCGGAGATTTG,2,plate_4,row_C,col_11,p4-C11,H,YPD,MATa,no
AAAATAAGGCATGTTTGATGTA,2,plate_8,row_C,col_11,p8-C11,H,YPD(37C),MATa,no
AGGATAGTCGATCAAACATGTG,2,plate_6,row_C,col_11,p6-C11,H,YPD,MATa,no
CAAATGTGGCATAAGCAATGAG,2,plate_8,row_C,col_9,p8-C9,H,YPD(37C),MATa,no
ATGATCTGGAATGATAAATTGG,2,plate_2,row_C,col_9,p2-C9,H,YPD+AA,MATa,no
GGCATAGACCATACAACATTAG,2,plate_1,row_C,col_6,p1-C6,D,YPD+AA,Diploid,no
TGAATAGGGGATGTATAATAGA,2,plate_1,row_C,col_6,p1-C6,D,YPD+AA,Diploid,no
TTCATTTATTATGGTTAATGTG,2,plate_5,row_C,col_6,p5-C6,D,YPD+AA,Diploid,no
TCCATAACACATGTAAGATGTG,2,plate_2,row_C,col_7,p2-C7,D,YP10%D,Diploid,no
TTATTAAGTATATATAATTAA,2,plate_3,row_C,col_10,p3-C10,H,YP10%D,MATalpha,no
CAAATATAACATATCCCATCTA,2,plate_3,row_C,col_10,p3-C10,H,YP10%D,MATalpha,no
TGTATTTATAATTGAATATACA,2,plate_5,row_C,col_6,p5-C6,D,YPD+AA,Diploid,no
TTCATGATCAATAAGGCATCCA,2,plate_7,row_C,col_6,p7-C6,D,YPD(37C),Diploid,no
TTAATGAGATATTTGCAATTGA,2,plate_2,row_C,col_7,p2-C7,D,YP10%D,Diploid,no
TCCATATGCTATAGTGTATTTG,2,plate_3,row_C,col_6,p3-C6,D,YPD+AA,Diploid,no
TCGATAGGACATAAACGATGTG,2,plate_6,row_C,col_9,p6-C9,H,YPD+AA,MATa,no
CGGATTTACGATAATTGATGAA,2,plate_7,row_C,col_6,p7-C6,D,YPD(37C),Diploid,no
TAGATAGTATATATCACATGCG,2,plate_3,row_C,col_6,p3-C6,D,YPD+AA,Diploid,no
ACGATTTGGGATAATCGATAAG,2,plate_4,row_C,col_7,p4-C7,D,YP10%D,Diploid,no
CACATATCAAATAACGAATCCG,2,plate_6,row_C,col_9,p6-C9,H,YPD+AA,MATa,no
AGAATAGTCCATTTGACATTCG,2,plate_8,row_C,col_7,p8-C7,D,YPD(37C),Diploid,no
TCCATTTAAAATTTCTTATTAA,2,plate_4,row_C,col_7,p4-C7,D,YP10%D,Diploid,no
CTGATTGGCAATTTGTTATCGT,2,plate_8,row_C,col_7,p8-C7,D,YPD(37C),Diploid,no
AATATAAAGGATCGTTTATGGG,2,plate_6,row_C,col_7,p6-C7,D,YP10%D,Diploid,no
CAAATTAAACATCACCCATCAA,2,plate_6,row_C,col_7,p6-C7,D,YP10%D,Diploid,no
TTAATAGTCTATCTTGCATATA,2,plate_7,row_D,col_9,p7-D9,H,YPD(37C),MATalpha,no
AAGATTTGAAATTGACAATACA,2,plate_1,row_D,col_9,p1-D9,H,YP10%D,MATalpha,no
AAGATAGCACATACGGGATCCA,2,plate_5,row_D,col_9,p5-D9,H,YP10%D,MATalpha,no
TAGATTGCTCATCCCGGATGGG,2,plate_1,row_D,col_11,p1-D11,H,YPD+AA,MATalpha,no
CTCATGAATAATGAAGTATTGG,2,plate_3,row_D,col_9,p3-D9,H,YP10%D,MATalpha,no
AGTATGGTAGATATTAAATATT,2,plate_5,row_D,col_11,p5-D11,H,YPD+AA,MATalpha,no
TACATGTGATATGATGCATACT,2,plate_1,row_D,col_1,p1-D1,H,YPD,MATa,no
TTGATACTATATTGGTGATACG,2,plate_3,row_D,col_11,p3-D11,H,YPD+AA,MATalpha,no
AAGATAATAAATCTATAATTGA,2,plate_6,row_D,col_10,p6-D10,H,YPD,MATa,no
CCTGATATAATATATCACATGAA,2,plate_2,row_D,col_12,p2-D12,H,YP10%D,MATa,no
CATATTTCGTATTGCAGATGGA,2,plate_5,row_D,col_1,p5-D1,H,YPD,MATa,no
TATATATGAAATATTAGATTAA,2,plate_7,row_D,col_11,p7-D11,H,YPD(37C),MATalpha,no
AAGATAAACAATAAAAAATGGT,2,plate_6,row_D,col_12,p6-D12,H,YP10%D,MATa,no
TGGATACAGTATTCCTAATGTC,2,plate_8,row_D,col_12,p8-D12,H,YPD(37C),MATa,no
CTGATAAGAAATCTTAAATGAG,2,plate_5,row_D,col_3,p5-D3,H,YP10%D,MATa,no
TCAATGACCGATAAAAGATTAG,2,plate_8,row_D,col_10,p8-D10,H,YPD(37C),MATa,no
CAGATTGGCGATCTAAGATCTG,2,plate_3,row_D,col_1,p3-D1,H,YPD,MATa,no
TTGGATCTGCAATTTTTCATAAA,2,plate_2,row_D,col_10,p2-D10,H,YPD,MATa,no
CAGATATTATATCTGTAATGCT,2,plate_7,row_D,col_1,p7-D1,H,YPD(37C),MATa,no
TCCATGTATGATCCATAATGTG,2,plate_6,row_D,col_4,p6-D4,H,YPD,MATalpha,no
GGGATCTTATATTAAAAATCAG,2,plate_4,row_D,col_12,p4-D12,H,YP10%D,MATa,no
AGTATAGTGGATGAAAGATCGA,2,plate_8,row_D,col_4,p8-D4,H,YPD(37C),MATalpha,no
CAAATCGGAAATGGGGCATAAT,2,plate_2,row_D,col_4,p2-D4,H,YPD,MATalpha,no
TTTATACCTTATGCATCATGCA,2,plate_6,row_D,col_2,p6-D2,H,YPD+AA,MATalpha,no
TAAATTCTTGATGGCATATAGA,2,plate_4,row_D,col_4,p4-D4,H,YPD,MATalpha,no
GCCATAATGAATCCGTGATAAA,2,plate_4,row_D,col_10,p4-D10,H,YPD,MATa,no
CCAATTGTGAATATAAAATAAA,2,plate_8,row_D,col_2,p8-D2,H,YPD(37C),MATalpha,no
GCTATGAGGAATTGAGAATTAG,2,plate_4,row_D,col_2,p4-D2,H,YPD+AA,MATalpha,no
GGCATCACTTATCCCCTATAAA,2,plate_2,row_D,col_2,p2-D2,H,YPD+AA,MATalpha,no
GCAATGCTTGATATTATATAGG,2,plate_3,row_D,col_3,p3-D3,H,YP10%D,MATa,no
CGAATGAATGATGGGAGATGCA,2,plate_7,row_D,col_8,p7-D8,D,YPD(37C),Diploid,no
CGAATGAGGTATGCGTTATACT,2,plate_5,row_D,col_5,p5-D5,D,YPD+AA,Diploid,no
TCTATAAGTGATACCCAATTGG,2,plate_1,row_D,col_8,p1-D8,D,YPD+AA,Diploid,no
TCGATGAGTCATTAAAAATATT,2,plate_1,row_D,col_8,p1-D8,D,YPD+AA,Diploid,no
TAGATCTGCAATTACACATCAA,2,plate_7,row_D,col_8,p7-D8,D,YPD(37C),Diploid,no
TGCATACATCATGTGAAATATG,2,plate_1,row_D,col_5,p1-D5,D,YPD+AA,Diploid,no
TAAATATGGTATAGCGCATTT,2,plate_1,row_D,col_3,p1-D3,H,YP10%D,MATa,no
AGGATTATCTATTAAAAATATG,2,plate_5,row_D,col_5,p5-D5,D,YPD+AA,Diploid,no
AGAATCAGCAATGAGACATTTG,2,plate_1,row_D,col_5,p1-D5,D,YPD+AA,Diploid,no
GTAATTCTCTATGAATTATTTA,2,plate_7,row_D,col_3,p7-D3,H,YPD(37C),MATa,no
TTTATAACTAATGGTGGATATA,2,plate_5,row_D,col_8,p5-D8,D,YPD+AA,Diploid,no
TACATGGTCTATCACTAATGAA,2,plate_2,row_D,col_6,p2-D6,D,YP10%D,Diploid,no
TATATCCTCAATCGGCAATTTA,2,plate_3,row_D,col_5,p3-D5,D,YPD+AA,Diploid,no
TAACATACATGATACACTATAAT,2,plate_6,row_D,col_8,p6-D8,D,YPD+AA,Diploid,no
AGAATGTATCATACCAAATAAA,2,plate_2,row_D,col_8,p2-D8,D,YPD+AA,Diploid,no
TGTATGTAAGATACTTGATCTA,2,plate_8,row_D,col_8,p8-D8,D,YPD(37C),Diploid,no
CATATTTTGCATCCACAATAAA,2,plate_4,row_D,col_6,p4-D6,D,YP10%D,Diploid,no
GTAATTAAGTATGGAATATGAT,2,plate_5,row_D,col_8,p5-D8,D,YPD+AA,Diploid,no
CAAATTACAAATATACAATTGG,2,plate_4,row_D,col_6,p4-D6,D,YP10%D,Diploid,no
TAGATGGAAGATGAAATATAAA,2,plate_2,row_D,col_6,p2-D6,D,YP10%D,Diploid,no
CGTATTATGCATAATAAATTGA,2,plate_2,row_D,col_8,p2-D8,D,YPD+AA,Diploid,no
TGGATGGGAAATATATTATGTT,2,plate_8,row_D,col_6,p8-D6,D,YPD(37C),Diploid,no
GTTATGAGGAATGGCGGATAAA,2,plate_6,row_D,col_8,p6-D8,D,YPD+AA,Diploid,no
TTTATAGCTCATGCAGTATTTT,2,plate_3,row_D,col_5,p3-D5,D,YPD+AA,Diploid,no
TAAATGCAGAATTAACCATAAA,2,plate_8,row_D,col_6,p8-D6,D,YPD(37C),Diploid,no
TATATTTACGATAGGTAATAAG,2,plate_6,row_D,col_6,p6-D6,D,YP10%D,Diploid,no
TAAATAGCCAATAACTAATGTT,2,plate_6,row_D,col_6,p6-D6,D,YP10%D,Diploid,no
TGCATGAATAATTTATTATAGG,2,plate_3,row_D,col_8,p3-D8,D,YPD+AA,Diploid,no
ACTATAATTCATAGCTGATATG,2,plate_7,row_D,col_5,p7-D5,D,YPD(37C),Diploid,no
ACTATGTGTAATCACGCATAAA,2,plate_3,row_D,col_8,p3-D8,D,YPD+AA,Diploid,no
CATATGAAGCATTAATTATAAA,2,plate_8,row_D,col_8,p8-D8,D,YPD(37C),Diploid,no
GACATGATAAATCCTTAATAAA,2,plate_7,row_D,col_5,p7-D5,D,YPD(37C),Diploid,no
GTTATGCAGAATGAAGTATTTT,2,plate_4,row_D,col_12,p4-D12,H,YP10%D,MATa,no
TATATCTGATATAATTAATGGA,2,plate_3,row_D,col_5,p3-D5,D,YPD+AA,Diploid,no
TAAATCGAAGATGATACATGAA,2,plate_1,row_E,col_4,p1-E4,H,YPD+AA,MATa,no
CCAATGCGTTATCCTAAATCCA,2,plate_3,row_E,col_4,p3-E4,H,YPD+AA,MATa,no
TTGATGGTCGATCCACTATAAC,2,plate_3,row_E,col_2,p3-E2,H,YP10%D,MATa,no
TAAATCAATGATTATATATGGA,2,plate_2,row_E,col_3,p2-E3,H,YPD,MATalpha,no
AAATCTGGGATCATGCATTTG,2,plate_6,row_E,col_3,p6-E3,H,YPD,MATalpha,no
GGGATTCTGTATAGCACATGGA,2,plate_8,row_E,col_3,p8-E3,H,YPD(37C),MATalpha,no
ATAATACTCAATTAAGGATAAA,2,plate_2,row_E,col_11,p2-E11,H,YP10%D,MATa,no
AGGATTGGGTATGTACAATTAA,2,plate_6,row_E,col_1,p6-E1,H,YPD+AA,MATalpha,no
TCCATATTTAATTGAATATTCA,2,plate_8,row_E,col_1,p8-E1,H,YPD(37C),MATalpha,no
TAAATTAGTAATCATTGATTAA,2,plate_8,row_E,col_11,p8-E11,H,YPD(37C),MATa,no
ACTATGCTGGATCTAATATAAA,2,plate_7,row_E,col_4,p7-E4,H,YPD(37C),MATa,no
GGAATAGAAAATCCTAAATTGT,2,plate_4,row_E,col_1,p4-E1,H,YPD+AA,MATalpha,no
AATATTAATTATGAAGAATATA,2,plate_4,row_E,col_3,p4-E3,H,YPD,MATalpha,no
GAAATGCAGCATGCCAGATGTG,2,plate_1,row_E,col_2,p1-E2,H,YP10%D,MATa,no
GAGATGATATATGAGGCATAGA,2,plate_1,row_E,col_12,p1-E12,H,YPD,MATalpha,no
AATATTAGAGATAATCGATCAG,2,plate_1,row_E,col_10,p1-E10,H,YPD+AA,MATalpha,no
CGAATCTCAGATACCAAATCTT,2,plate_2,row_E,col_1,p2-E1,H,YPD+AA,MATalpha,no
TTAATAACGTATACGTGATACG,2,plate_5,row_E,col_2,p5-E2,H,YP10%D,MATa,no
TAGATAGGATATGAATGATAAG,2,plate_5,row_E,col_10,p5-E10,H,YPD+AA,MATalpha,no
TGAATGAAACATTTAGTATGGG,2,plate_7,row_E,col_12,p7-E12,H,YPD(37C),MATalpha,no
AGCATTTAGAATATTTTATGGA,2,plate_8,row_E,col_9,p8-E9,H,YPD(37C),MATa,no
TTTATTATGGATATCCCATGGA,2,plate_3,row_E,col_10,p3-E10,H,YPD+AA,MATalpha,no
TCCATATCTGATGTAGAATCAA,2,plate_5,row_E,col_12,p5-E12,H,YPD,MATalpha,no
CTGATAGCTGATGTATGATATA,2,plate_3,row_E,col_12,p3-E12,H,YPD,MATalpha,no
ACGATTCAACATGACGCATGGA,2,plate_7,row_E,col_10,p7-E10,H,YPD(37C),MATalpha,no
GATATGGTTAATCCGAGATATG,2,plate_4,row_E,col_9,p4-E9,H,YPD,MATa,no
AATATGAAGGATCAACGATACG,2,plate_6,row_E,col_9,p6-E9,H,YPD,MATa,no
AACATGGAATATACGATATAAG,2,plate_2,row_E,col_9,p2-E9,H,YPD,MATa,no
TTAATGTCATATATTAGATGCG,2,plate_1,row_E,col_7,p1-E7,D,YPD,Diploid,no
TAAATACAAGATGTTGTATATA,2,plate_7,row_E,col_2,p7-E2,H,YPD(37C),MATa,no
GCCATAACGCATGCGTCATAGA,2,plate_4,row_E,col_11,p4-E11,H,YP10%D,MATa,no
AACATAAACTATCAGTTATAAG,2,plate_1,row_E,col_7,p1-E7,D,YPD,Diploid,no
TGCATGTCGGATAATAAATATC,2,plate_1,row_E,col_5,p1-E5,D,YP10%D,Diploid,no
CGGATGTTTCATTCTGAATGGA,2,plate_1,row_E,col_5,p1-E5,D,YP10%D,Diploid,no
CGTATAGCCAATTCAAAATTTG,2,plate_2,row_E,col_1,p2-E1,H,YPD+AA,MATalpha,no
CAAATTGCTTATCATTTATGGC,2,plate_2,row_E,col_6,p2-E6,D,YPD,Diploid,no
CTAATTCCCAATCGAGCATCGA,2,plate_5,row_E,col_5,p5-E5,D,YP10%D,Diploid,no
CATATCATCCATTGATAATGAG,2,plate_5,row_E,col_7,p5-E7,D,YPD,Diploid,no
TACATACTGAATACGTCATTGA,2,plate_5,row_E,col_5,p5-E5,D,YP10%D,Diploid,no
TTTATAGGAAATCTGTTATGGG,2,plate_2,row_E,col_6,p2-E6,D,YPD,Diploid,no
GTTATGTATGATAGTGTATGTA,2,plate_6,row_E,col_6,p6-E6,D,YPD,Diploid,no
CGAATCTGGGATGAGCTATGCT,2,plate_7,row_E,col_7,p7-E7,D,YPD(37C),Diploid,no
TTGATAGAGAATTTTTTATTTG,2,plate_5,row_E,col_7,p5-E7,D,YPD,Diploid,no
TCGATGAGTCATGAGGAATAAA,2,plate_3,row_E,col_5,p3-E5,D,YP10%D,Diploid,no
CCGATGTGATATAAATAATGAA,2,plate_7,row_E,col_5,p7-E5,D,YPD(37C),Diploid,no
TGCATAAGGAATTTACGATGGA,2,plate_7,row_E,col_7,p7-E7,D,YPD(37C),Diploid,no
CCTATAACTGATGTCTAATTTA,2,plate_3,row_E,col_5,p3-E5,D,YP10%D,Diploid,no
CTAATTGGCAATTGAAGATATA,2,plate_7,row_E,col_5,p7-E5,D,YPD(37C),Diploid,no
ATGATATCTCATTTCAAATCGA,2,plate_3,row_E,col_7,p3-E7,D,YPD,Diploid,no
CTAATAGTTGATTAGAAATCCG,2,plate_4,row_E,col_6,p4-E6,D,YPD,Diploid,no
TCAATCCAGGATTCCGAATAAA,2,plate_4,row_E,col_6,p4-E6,D,YPD,Diploid,no
ATTATTCAGGATGACACATGCG,2,plate_3,row_E,col_7,p3-E7,D,YPD,Diploid,no
TATATGGTGCATAAACTATTAG,2,plate_8,row_E,col_6,p8-E6,D,YPD(37C),Diploid,no
TAGATTATAGATAAAAAATGTG,2,plate_6,row_E,col_6,p6-E6,D,YPD,Diploid,no
TTCATATTGGATATTACATGTA,2,plate_8,row_E,col_6,p8-E6,D,YPD(37C),Diploid,no
TATATACAAGATGCGCCATTAT,2,plate_6,row_E,col_11,p6-E11,H,YP10%D,MATa,no
CTGATATTTTATTAAGGATAAA,2,plate_3,row_E,col_5,p3-E5,D,YP10%D,Diploid,no
TCAATCCCAAATGCCCAATCTA,2,plate_5,row_E,col_4,p5-E4,H,YPD+AA,MATa,yes
CCAATAACTAATACCCAATATG,2,plate_1,row_F,col_3,p1-F3,H,YPD+AA,MATa,no
GAGATGATGAATAGAGAATAGG,2,plate_2,row_F,col_4,p2-F4,H,YP10%D,MATalpha,no
GACATAAGGCATAATCGATTGC,2,plate_5,row_F,col_3,p5-F3,H,YPD+AA,MATa,no
ATAATTGCGTATGTGTAATTTT,2,plate_6,row_F,col_4,p6-F4,H,YP10%D,MATalpha,no
TGTATACTCCATGGTCAATCGG,2,plate_8,row_F,col_2,p8-F2,H,YPD(37C),MATalpha,no
TATATTTAGTATGAAGGATATA,2,plate_2,row_F,col_2,p2-F2,H,YPD,MATalpha,no
TTTATACATAATGTGACATTGA,2,plate_4,row_F,col_2,p4-F2,H,YPD,MATalpha,no
CAAATATGTCATTTCACATAAC,2,plate_3,row_F,col_3,p3-F3,H,YPD+AA,MATa,no
GGAATTAGCAATATCTGATCCG,2,plate_8,row_F,col_10,p8-F10,H,YPD(37C),MATa,no
TGGATAAATGATAAGAAATATA,2,plate_4,row_F,col_4,p4-F4,H,YP10%D,MATalpha,no
CTAATCACCTATTGATAATTTT,2,plate_6,row_F,col_10,p6-F10,H,YP10%D,MATa,no
CCCATAGATAATTTAAAATATA,2,plate_8,row_F,col_4,p8-F4,H,YPD(37C),MATalpha,no
TGAATGGGCTATCCAAAATATG,2,plate_6,row_F,col_2,p6-F2,H,YPD,MATalpha,no
CGAATATAATATAATGTATAAA,2,plate_1,row_F,col_9,p1-F9,H,YPD+AA,MATalpha,no
GAAATTTTGTATTTAGAATAAA,2,plate_2,row_F,col_10,p2-F10,H,YP10%D,MATa,no
TGAATAGCTTATTCAGAATTCA,2,plate_1,row_F,col_8,p1-F8,D,YPD,Diploid,no
TAGATAACTCATACAGTATAAA,2,plate_7,row_F,col_3,p7-F3,H,YPD(37C),MATa,no
CGGATCCAGTATGCTATATTGA,2,plate_1,row_F,col_8,p1-F8,D,YPD,Diploid,no
GCAATTTTCAATGAGGTATTAC,2,plate_5,row_F,col_9,p5-F9,H,YPD+AA,MATalpha,no
TGGATGAAAGATAAACGATATG,2,plate_1,row_F,col_11,p1-F11,H,YPD,MATalpha,no
CGCATTTGTAATAGGCGATGTG,2,plate_3,row_F,col_9,p3-F9,H,YPD+AA,MATalpha,no
TACATATATGATGAATAATAGA,2,plate_1,row_F,col_6,p1-F6,D,YPD+AA,Diploid,no
CGGATCTGCTATACCAGATCAA,2,plate_7,row_F,col_9,p7-F9,H,YPD(37C),MATalpha,no
TAAATTTGGAATCAGAGATGAA,2,plate_1,row_F,col_3,p1-F3,H,YPD+AA,MATa,no
AGTATTTGGAATTAAAGATTCT,2,plate_2,row_F,col_7,p2-F7,D,YP10%D,Diploid,no
CGAATGAACGATTGAGAATGAA,2,plate_2,row_F,col_7,p2-F7,D,YP10%D,Diploid,no
CGTATGGTGGATCGGAAATAAG,2,plate_7,row_F,col_8,p7-F8,D,YPD(37C),Diploid,no
CATATAAGGAATCATAGATAAA,2,plate_5,row_F,col_8,p5-F8,D,YPD,Diploid,no
TCGATTGAGGATTATGGATGGA,2,plate_6,row_F,col_7,p6-F7,D,YP10%D,Diploid,no
TCGATAGAGGATAGCCCATAGA,2,plate_6,row_F,col_5,p6-F5,D,YPD,Diploid,no
CAGATGTCCCATTCTTCATGAA,2,plate_4,row_F,col_12,p4-F12,H,YPD+AA,MATa,no
GGAATGGGTAATAGACAATGAA,2,plate_5,row_F,col_8,p5-F8,D,YPD,Diploid,no
CCCATTGGAGATGATTAATTCC,2,plate_4,row_F,col_5,p4-F5,D,YPD,Diploid,no
AGAATGAACAATGTATTATGCA,2,plate_6,row_F,col_7,p6-F7,D,YP10%D,Diploid,no
GAGATCGAGGATAATAGATTTG,2,plate_6,row_F,col_5,p6-F5,D,YPD,Diploid,no
TCGATGTCATATTAGCTATGCG,2,plate_2,row_F,col_8,p2-F8,D,YPD,Diploid,no
TAAATTCGCGATCCAACATTAA,2,plate_7,row_F,col_8,p7-F8,D,YPD(37C),Diploid,no
TTGATAGGACATGAAAGATGTG,2,plate_5,row_F,col_6,p5-F6,D,YPD+AA,Diploid,no
ATGATAAGCTATGTGGCATGAT,2,plate_7,row_F,col_11,p7-F11,H,YPD(37C),MATalpha,no
TGAATAATGAATCTATCATTGT,2,plate_2,row_F,col_5,p2-F5,D,YPD,Diploid,no
TCGATCTACAATATCCGATATA,2,plate_2,row_F,col_8,p2-F8,D,YPD,Diploid,no
CGGATCCAGCATAAATTATGAA,2,plate_5,row_F,col_6,p5-F6,D,YPD+AA,Diploid,no
ATGATTTTGAATGAAGTATATG,2,plate_8,row_F,col_7,p8-F7,D,YPD(37C),Diploid,no
AGTATGTGACATGATGAATGCA,2,plate_3,row_F,col_8,p3-F8,D,YPD,Diploid,no
CTGATACTCTATATGGGATGGA,2,plate_8,row_F,col_8,p8-F8,D,YPD(37C),Diploid,no
GGTATCAAACATCTATAATATT,2,plate_4,row_F,col_8,p4-F8,D,YPD,Diploid,no
TAAATCGCATATGGAACATAGA,2,plate_4,row_F,col_7,p4-F7,D,YP10%D,Diploid,no
TCTATAATAGATCGAATATCTT,2,plate_4,row_F,col_8,p4-F8,D,YPD,Diploid,no
ACAATAAGGCATATGGGATAAG,2,plate_5,row_F,col_11,p5-F11,H,YPD,MATalpha,no
TAAATATGATATGGATCATTTG,2,plate_8,row_F,col_7,p8-F7,D,YPD(37C),Diploid,no
CCAATGCGCAATGCCGGATAAA,2,plate_8,row_F,col_8,p8-F8,D,YPD(37C),Diploid,no
TGTATAAGATATGAGAGATAGG,2,plate_3,row_F,col_11,p3-F11,H,YPD,MATalpha,no
GGGATCTGAAATTTAGCATGTG,2,plate_3,row_F,col_6,p3-F6,D,YPD+AA,Diploid,no
GCTATATGCGATGAAGAATATA,2,plate_7,row_F,col_6,p7-F6,D,YPD(37C),Diploid,no
TAAATGGGAAATGATGAATGAA,2,plate_2,row_F,col_5,p2-F5,D,YPD,Diploid,no
GGGATTTTCTATAGTATATGTA,2,plate_3,row_F,col_8,p3-F8,D,YPD,Diploid,no
GCGATCATATATAGTAAATGAA,2,plate_4,row_F,col_7,p4-F7,D,YP10%D,Diploid,no
TAGATGAACCATCCTAGATGGG,2,plate_4,row_F,col_10,p4-F10,H,YP10%D,MATa,no
TGTATGCCAGATATCAGATTAA,2,plate_8,row_F,col_5,p8-F5,D,YPD(37C),Diploid,no
GAGATGGGTCATCGAATATATG,2,plate_7,row_F,col_6,p7-F6,D,YPD(37C),Diploid,no
TGCATTTCATATTTGATATTGA,2,plate_4,row_F,col_5,p4-F5,D,YPD,Diploid,no
TAAATCGACAATGCAACATAAA,2,plate_6,row_F,col_12,p6-F12,H,YPD+AA,MATa,no
TTGATGGTAGATGATAGATTTC,2,plate_1,row_F,col_6,p1-F6,D,YPD+AA,Diploid,no
TGAATTGACTATGTAACATTAA,2,plate_8,row_F,col_5,p8-F5,D,YPD(37C),Diploid,no
TAGATTGCTAATAGAGTATACA,2,plate_1,row_F,col_1,p1-F1,H,YP10%D,MATa,no
CTAATGATAGATGATGCATCCA,2,plate_3,row_F,col_6,p3-F6,D,YPD+AA,Diploid,no
GGTATAAATAATTGGTAATAAA,2,plate_2,row_F,col_12,p2-F12,H,YPD+AA,MATa,no
TGGATCCGATATAAGAGATAGG,2,plate_5,row_F,col_1,p5-F1,H,YP10%D,MATa,no
TGAATGACACATTATTAATCTA,2,plate_8,row_F,col_12,p8-F12,H,YPD(37C),MATa,no
GATATATCAGATAATGGATTAA,2,plate_3,row_F,col_1,p3-F1,H,YP10%D,MATa,no
CAAATGTGAGATTGAATATTTA,2,plate_1,row_F,col_6,p1-F6,D,YPD+AA,Diploid,no
CGTATTTCTAATACAAGATAAA,2,plate_3,row_F,col_6,p3-F6,D,YPD+AA,Diploid,no
CACATAAGGCATCGTATATGAA,2,plate_7,row_F,col_1,p7-F1,H,YPD(37C),MATa,no
AGAATGCGAAATAAAAAATGAG,2,plate_5,row_F,col_6,p5-F6,D,YPD+AA,Diploid,no
ATGATTGCGGATGCTAAATAGG,2,plate_1,row_G,col_12,p1-G12,H,YP10%D,MATalpha,no
CGGATATTACATGGGATATACG,2,plate_5,row_G,col_12,p5-G12,H,YP10%D,MATalpha,no
GTTATGTACAATAACGGATGCG,2,plate_1,row_G,col_10,p1-G10,H,YPD,MATalpha,no
ACAATGTATCATACGACATATA,2,plate_7,row_G,col_12,p7-G12,H,YPD(37C),MATalpha,no
GAGATATAGAATTTAAAATAAG,2,plate_3,row_G,col_12,p3-G12,H,YP10%D,MATalpha,no
TTAATTGGACATGTAAAATAGT,2,plate_5,row_G,col_10,p5-G10,H,YPD,MATalpha,no
GACATAAGGCATAAAGTATGCT,2,plate_7,row_G,col_10,p7-G10,H,YPD(37C),MATalpha,no
ATGATGTCTGATTGGCTATAAA,2,plate_3,row_G,col_10,p3-G10,H,YPD,MATalpha,no
AATATAGCGGATAAACAATATA,2,plate_1,row_G,col_4,p1-G4,H,YPD,MATa,no
CGAATCCACTATACAATATTAA,2,plate_8,row_G,col_11,p8-G11,H,YPD(37C),MATa,no
CCTATTGAAAATACAAGATTCC,2,plate_5,row_G,col_2,p5-G2,H,YPD+AA,MATa,no
GGCATAAAGAATGACAGATTTT,2,plate_2,row_G,col_11,p2-G11,H,YPD+AA,MATa,no
GAGATAAACCATGTGCTATGCG,2,plate_3,row_G,col_4,p3-G4,H,YPD,MATa,no
TTGATGCAGGATGATCATGAA,2,plate_1,row_G,col_5,p1-G5,D,YPD+AA,Diploid,no
AAAATAAAATATTTGGGATAAA,2,plate_1,row_G,col_2,p1-G2,H,YPD+AA,MATa,no
CAAATATGTGATTACCTATTTA,2,plate_1,row_G,col_5,p1-G5,D,YPD+AA,Diploid,no
AGCATGGGAAATCAGTTATTTA,2,plate_4,row_G,col_11,p4-G11,H,YPD+AA,MATa,no
GTTATCCGCAATTAGTTATGGA,2,plate_6,row_G,col_9,p6-G9,H,YP10%D,MATa,no
CAAATTGAGAATGTTACATAAT,2,plate_4,row_G,col_9,p4-G9,H,YP10%D,MATa,no
GCGATGATATATAATAAATTGA,2,plate_2,row_G,col_9,p2-G9,H,YP10%D,MATa,no
TCAATTAAGCATGGACCATAGA,2,plate_8,row_G,col_7,p8-G7,D,YPD(37C),Diploid,no
GGAATCCGACATAAGTTATGAG,2,plate_8,row_G,col_9,p8-G9,H,YPD(37C),MATa,no
TAAATGTTCTATACCTTATGGG,2,plate_8,row_G,col_7,p8-G7,D,YPD(37C),Diploid,no
GGGATAATTAATGGCCAATAAC,2,plate_4,row_G,col_1,p4-G1,H,YPD,MATalpha,no
CAAATGGCGGATGAACGATGAA,2,plate_2,row_G,col_1,p2-G1,H,YPD,MATalpha,no
TAGATGATCGATGCACTATACG,2,plate_6,row_G,col_7,p6-G7,D,YPD,Diploid,no
GCGATGATCGATACTACATGAA,2,plate_5,row_G,col_4,p5-G4,H,YPD,MATa,no
CATATAACCAATCGACTATTAA,2,plate_2,row_G,col_7,p2-G7,D,YPD,Diploid,no
ATTATTTACCATGTAGCATAGA,2,plate_7,row_G,col_4,p7-G4,H,YPD(37C),MATa,no
AGGATCGGATATGTATTATGTA,2,plate_3,row_G,col_5,p3-G5,D,YPD+AA,Diploid,no
GAAATGTTGAATTTTCAATCTG,2,plate_8,row_G,col_1,p8-G1,H,YPD(37C),MATalpha,no
TAGATGAGACATTGACTATCTA,2,plate_2,row_G,col_7,p2-G7,D,YPD,Diploid,no
AATATTTCTAATTACGAATCAA,2,plate_2,row_G,col_3,p2-G3,H,YP10%D,MATalpha,no
TAAATCGTGGATCCAATATCTT,2,plate_5,row_G,col_5,p5-G5,D,YPD+AA,Diploid,no
ATTATGCCGTATATAAGATAAT,2,plate_6,row_G,col_3,p6-G3,H,YP10%D,MATalpha,no
TAGATCGTGCATGACTGATGGG,2,plate_5,row_G,col_5,p5-G5,D,YPD+AA,Diploid,no
CTGATTCATCATAGAAGATCAA,2,plate_6,row_G,col_1,p6-G1,H,YPD,MATalpha,no
TTTATGAAAAATTATTGATTAA,2,plate_7,row_G,col_5,p7-G5,D,YPD(37C),Diploid,no
CAAATTTGCAATGCCAGATCAG,2,plate_3,row_G,col_5,p3-G5,D,YPD+AA,Diploid,no
TTCATACTGGATACATAATTAA,2,plate_4,row_G,col_7,p4-G7,D,YPD,Diploid,no
CCAATGTAGGATCGAGGATTAT,2,plate_6,row_G,col_7,p6-G7,D,YPD,Diploid,no
CCTATTAAATATAAACGATTTG,2,plate_7,row_G,col_5,p7-G5,D,YPD(37C),Diploid,no
ACCATTCCTCATGACAAATATC,2,plate_4,row_G,col_7,p4-G7,D,YPD,Diploid,no
CCAATAGGACATAAGCGATAGC,2,plate_4,row_G,col_3,p4-G3,H,YP10%D,MATalpha,no
ATTATGACCCATGTAATATGGG,2,plate_7,row_G,col_2,p7-G2,H,YPD(37C),MATa,no
ATGATTGAAAATCATAAATTAA,2,plate_6,row_G,col_11,p6-G11,H,YPD+AA,MATa,no
TACATATTGTATAGTTGATTAA,2,plate_8,row_G,col_3,p8-G3,H,YPD(37C),MATalpha,no
TGGATTCGAGATCGTCAATATT,2,plate_3,row_G,col_2,p3-G2,H,YPD+AA,MATa,no
GGCATGGCACATCCCGTATAAA,2,plate_2,row_G,col_11,p2-G11,H,YPD+AA,MATa,no
ACGATGTGTGATATATCATAAG,2,plate_8,row_G,col_3,p8-G3,H,YPD(37C),MATalpha,no
TGGATGGAGGATTCAGCATATG,2,plate_6,row_H,col_12,p6-H12,H,YPD,MATa,no
TCAATACGATATGACATATAAG,2,plate_8,row_H,col_12,p8-H12,H,YPD(37C),MATa,no
TAGATTAGTTATATGAAATTTG,2,plate_2,row_H,col_12,p2-H12,H,YPD,MATa,no
GAAATATGCCATCGGAGATGAG,2,plate_8,row_H,col_10,p8-H10,H,YPD(37C),MATa,no
TCAATTCCGAATAAGGGATATG,2,plate_2,row_H,col_4,p2-H4,H,YPD+AA,MATalpha,no
CGAATATACAATACGGAATCTG,2,plate_6,row_H,col_2,p6-H2,H,YP10%D,MATalpha,no
TGAATATAACATTAGCAATATC,2,plate_2,row_H,col_2,p2-H2,H,YP10%D,MATalpha,no
CCCATGTAACATTGACCATTGT,2,plate_8,row_H,col_4,p8-H4,H,YPD(37C),MATalpha,no
GTCATCCCTCATTAATCATTAT,2,plate_4,row_H,col_2,p4-H2,H,YP10%D,MATalpha,no
CGAATGATTCATACACAATACG,2,plate_7,row_H,col_11,p7-H11,H,YPD(37C),MATalpha,no
TCAATAAATAATCGTCGATTGG,2,plate_4,row_H,col_4,p4-H4,H,YPD+AA,MATalpha,no
TGGATAGCATATAATGAATAAG,2,plate_8,row_H,col_2,p8-H2,H,YPD(37C),MATalpha,no
AGAATTGAGAATGTAGGATGCG,2,plate_3,row_H,col_11,p3-H11,H,YP10%D,MATalpha,no
TGCATGGTCTATAGTGGATGAG,2,plate_5,row_H,col_9,p5-H9,H,YPD,MATalpha,no
TTCATTAAGCATAGCGAATGTA,2,plate_1,row_H,col_5,p1-H5,D,YP10%D,Diploid,no
CCCATCGATGATTCAATATTGC,2,plate_7,row_H,col_9,p7-H9,H,YPD(37C),MATalpha,no
TTTATGGGTGATCGTGGATCGA,2,plate_2,row_H,col_10,p2-H10,H,YPD+AA,MATa,no
AAAATGGTGAATGAATGATTCG,2,plate_5,row_H,col_8,p5-H8,D,YP10%D,Diploid,no
CTGATGACCTATATATTATCTA,2,plate_6,row_H,col_4,p6-H4,H,YPD+AA,MATalpha,no
TATATAAGGAATATGCTATGTA,2,plate_5,row_H,col_11,p5-H11,H,YP10%D,MATalpha,no
CGGATGGAGTATCTATCATCGA,2,plate_1,row_H,col_7,p1-H7,D,YPD+AA,Diploid,no
TAGATCCCTGATAAAATATTGA,2,plate_1,row_H,col_11,p1-H11,H,YP10%D,MATalpha,no
CAGATATAGGATTACAAATACG,2,plate_4,row_H,col_12,p4-H12,H,YPD,MATa,no
ACCATTGGTTATATCCCATCAG,2,plate_2,row_H,col_6,p2-H6,D,YPD,Diploid,no
CGAATAAACGATACAGTATACA,2,plate_4,row_H,col_10,p4-H10,H,YPD+AA,MATa,no
TTAATCCTTCATTTTAAATGAT,2,plate_1,row_H,col_9,p1-H9,H,YPD,MATalpha,no
CAAATCTACCATGTAGAATACA,2,plate_6,row_H,col_10,p6-H10,H,YPD+AA,MATa,no
CAAATCCCGGATTGTACATAAC,2,plate_2,row_H,col_8,p2-H8,D,YP10%D,Diploid,no
TTTATAAAGTATCTAATATATG,2,plate_1,row_H,col_3,p1-H3,H,YPD,MATa,no
TAAATCAGGAATATGGCATTAA,2,plate_7,row_H,col_5,p7-H5,D,YPD(37C),Diploid,no
ACTATGTAAAATGTATAATCGG,2,plate_3,row_H,col_9,p3-H9,H,YPD,MATalpha,no
TAAATGACGTATGTAGTATAGT,2,plate_7,row_H,col_8,p7-H8,D,YPD(37C),Diploid,no
TTCATAATTAATGCCTGATGAG,2,plate_6,row_H,col_8,p6-H8,D,YP10%D,Diploid,no
TTTATGACCAATGATGTATAGA,2,plate_7,row_H,col_5,p7-H5,D,YPD(37C),Diploid,no
TCCATAGTAAATGCAATATGAA,2,plate_1,row_H,col_1,p1-H1,H,YPD+AA,MATa,no
TCCATTGTAAATTGGCCATTTG,2,plate_6,row_H,col_6,p6-H6,D,YPD,Diploid,no
AAAATCTTGAATTTGTGATTAG,2,plate_5,row_H,col_7,p5-H7,D,YPD+AA,Diploid,yes
TTCATGTCCAATTATGGATTGG,2,plate_4,row_H,col_6,p4-H6,D,YPD,Diploid,no
CAAATAGCTGATTAAACATCAG,2,plate_5,row_H,col_3,p5-H3,H,YPD,MATa,no
CCCATGCAAGATTGCGAATATT,2,plate_3,row_H,col_7,p3-H7,D,YPD+AA,Diploid,no
TCCATACCAAATTATTAATCAA,2,plate_5,row_H,col_8,p5-H8,D,YP10%D,Diploid,no
CCAATTGGAGATCGGTAATATA,2,plate_8,row_H,col_6,p8-H6,D,YPD(37C),Diploid,no
GAAATTGGAAATTTAAGATGGC,2,plate_1,row_H,col_8,p1-H8,D,YP10%D,Diploid,no
CATATATTAAATCCATGATAAG,2,plate_6,row_H,col_8,p6-H8,D,YP10%D,Diploid,no
TGAATGCAGTATAAAGGATTTG,2,plate_6,row_H,col_6,p6-H6,D,YPD,Diploid,no
TCTATTCAAAATGAGGTATTAA,2,plate_2,row_H,col_8,p2-H8,D,YP10%D,Diploid,no
CGAATTGTATATAATGAATGTG,2,plate_4,row_H,col_8,p4-H8,D,YP10%D,Diploid,no
GGAATAGAGAATTGAGAATAGT,2,plate_3,row_H,col_8,p3-H8,D,YP10%D,Diploid,no
GGTATTTAAAATGTCGAATGAT,2,plate_4,row_H,col_8,p4-H8,D,YP10%D,Diploid,no
CGTATCAAAAATGTGGAATAAT,2,plate_7,row_H,col_7,p7-H7,D,YPD(37C),Diploid,no
CTTATAGGGGATGGTAAATAAA,2,plate_3,row_H,col_3,p3-H3,H,YPD,MATa,no
TTAATGTAAGATCGATCATTCG,2,plate_7,row_H,col_3,p7-H3,H,YPD(37C),MATa,no
CCTATTGTGAATATGTAATAAA,2,plate_5,row_H,col_5,p5-H5,D,YP10%D,Diploid,no
TATATCCTATATAGGGCATTCA,2,plate_3,row_H,col_7,p3-H7,D,YPD+AA,Diploid,no
CGAATAAATGATTCTTCATGGA,2,plate_4,row_H,col_6,p4-H6,D,YPD,Diploid,no
TACATGAAAAATTGGTAATCTA,2,plate_3,row_H,col_5,p3-H5,D,YP10%D,Diploid,no
GGCATAATATATTTTGTATGTA,2,plate_5,row_H,col_7,p5-H7,D,YPD+AA,Diploid,no
GATATGAAAAATAAGGTATAGA,2,plate_1,row_H,col_5,p1-H5,D,YP10%D,Diploid,no
CCAATTAGTTATAAGGAATTAT,2,plate_2,row_H,col_6,p2-H6,D,YPD,Diploid,no
AGTATGTTGAATAAAAGATGAA,2,plate_3,row_H,col_5,p3-H5,D,YP10%D,Diploid,no
CAAATGGCTGATATTATATTAG,2,plate_8,row_H,col_6,p8-H6,D,YPD(37C),Diploid,no
ATAATGGAGTATAACTTATATA,2,plate_7,row_H,col_7,p7-H7,D,YPD(37C),Diploid,no
TGAATCGTCGATTATATATAAA,2,plate_1,row_H,col_7,p1-H7,D,YPD+AA,Diploid,no
TAAATTGCCAATTGCGTATTCA,2,plate_5,row_H,col_1,p5-H1,H,YPD+AA,MATa,no
CAGATATGTTATCTGTGATCAA,2,plate_3,row_H,col_1,p3-H1,H,YPD+AA,MATa,no
AACATATTAGATAAGGGATATA,2,plate_3,row_H,col_8,p3-H8,D,YP10%D,Diploid,no
AGTATCATGAATGGTCTATGGG,2,plate_3,row_H,col_8,p3-H8,D,YP10%D,Diploid,no
TGGATAAAAAATCAATAATTAA,2,plate_1,row_H,col_8,p1-H8,D,YP10%D,Diploid,no
TGAATTGTTAATTTACTATATA,2,plate_7,row_H,col_8,p7-H8,D,YPD(37C),Diploid,no
TTGATCAAAAATAGACAATCAA,2,plate_5,row_F,col_9,p5-F9,H,YPD+AA,MATalpha,yes